uid,domainID,siteID,namedLocation,startDate,collectDate,sampleID,sampleCode,scientificName,morphospeciesID,referenceCount,referenceID,referenceCode,archiveLabSampleMedium,laboratoryName,dataQF,publicationDate,release
30dccfbc-39c6-4c32-96db-1580cec7bfd7,D03,BARC,BARC.AOS.buoy.c0,2014-07-02T16:00Z,2014-07-02T16:00Z,BARC.BOUY.20140702.ZOO,,Calanoida sp.,copepodites,1,,,,EcoAnalysts Inc.,legacyData,20231226T225809Z,RELEASE-2024
443b0f54-154f-4fc1-a915-577f6fa683eb,D03,BARC,BARC.AOS.buoy.c0,2014-07-02T16:00Z,2014-07-02T16:00Z,BARC.BOUY.20140702.ZOO,,Copepoda sp.,nauplii,1,,,,EcoAnalysts Inc.,legacyData,20231226T225809Z,RELEASE-2024
be9f814a-3a62-4c6a-befd-1057f29e8e98,D03,BARC,BARC.AOS.littoral2,2014-07-02T16:00Z,2014-07-02T16:00Z,BARC.OUT.20140702.ZOO,,Lepadella sp.,"",1,,,,EcoAnalysts Inc.,legacyData,20231226T225809Z,RELEASE-2024
37f6136c-4984-4e42-a7bd-8b08532010f3,D03,BARC,BARC.AOS.buoy.c0,2014-07-02T16:00Z,2014-07-02T16:00Z,BARC.BOUY.20140702.ZOO,,Dipleuchlanis propatula,"",1,,,,EcoAnalysts Inc.,legacyData,20231226T225809Z,RELEASE-2024
e48804e8-4fa4-4a28-8bed-e8160da5cf12,D03,BARC,BARC.AOS.buoy.c0,2014-07-02T16:00Z,2014-07-02T16:00Z,BARC.BOUY.20140702.ZOO,,Trichocerca similis,"",1,,,,EcoAnalysts Inc.,legacyData,20231226T225809Z,RELEASE-2024
e02e3867-5da8-40c1-ad77-b0999e4509ff,D03,BARC,BARC.AOS.littoral2,2014-07-02T16:00Z,2014-07-02T16:00Z,BARC.OUT.20140702.ZOO,,Tropocyclops prasinus mexicanus,"",1,,,,EcoAnalysts Inc.,legacyData,20231226T225809Z,RELEASE-2024
7ae5da3e-1547-4df8-ac4f-fa39acb8be05,D03,BARC,BARC.AOS.littoral2,2014-07-02T16:00Z,2014-07-02T16:00Z,BARC.OUT.20140702.ZOO,,Latonopsis occidentalis,"",1,,,,EcoAnalysts Inc.,legacyData,20231226T225809Z,RELEASE-2024
772ecb46-c3d9-4c28-9199-28fd43d14be2,D03,BARC,BARC.AOS.buoy.c0,2014-07-02T16:00Z,2014-07-02T16:00Z,BARC.BOUY.20140702.ZOO,,Rotifera sp.,"",1,,,,EcoAnalysts Inc.,legacyData,20231226T225809Z,RELEASE-2024
eca97c6e-da2f-4e5a-8590-d40a326da744,D03,BARC,BARC.AOS.littoral1,2014-07-02T16:00Z,2014-07-02T16:00Z,BARC.IN.20140702.ZOO,,Acroperus harpae,"",1,,,,EcoAnalysts Inc.,legacyData,20231226T225809Z,RELEASE-2024
989f8fe7-aa4f-48ce-a23b-2e92320466f5,D03,BARC,BARC.AOS.buoy.c0,2014-07-02T16:00Z,2014-07-02T16:00Z,BARC.BOUY.20140702.ZOO,,Skistodiaptomus mississippiensis,"",1,,,,EcoAnalysts Inc.,legacyData,20231226T225809Z,RELEASE-2024
83caeb63-6ae6-47ef-a9f5-4c6011b795b9,D03,BARC,BARC.AOS.littoral2,2014-07-02T16:00Z,2014-07-02T16:00Z,BARC.OUT.20140702.ZOO,,Macrothricidae sp.,"",1,,,,EcoAnalysts Inc.,legacyData,20231226T225809Z,RELEASE-2024
9da18632-fac5-4d43-9393-8db73c1ae33c,D03,BARC,BARC.AOS.littoral2,2014-07-02T16:00Z,2014-07-02T16:00Z,BARC.OUT.20140702.ZOO,,Oxyurella sp.,"",1,,,,EcoAnalysts Inc.,legacyData,20231226T225809Z,RELEASE-2024
e34be1e6-c2a5-4a58-aa66-2b89e7fea106,D03,BARC,BARC.AOS.littoral1,2014-07-02T16:00Z,2014-07-02T16:00Z,BARC.IN.20140702.ZOO,,Gastropus stylifer,"",1,,,,EcoAnalysts Inc.,legacyData,20231226T225809Z,RELEASE-2024
20d20cf3-6cb5-49fd-9a5b-6844015f1c5c,D03,BARC,BARC.AOS.buoy.c0,2014-07-02T16:00Z,2014-07-02T16:00Z,BARC.BOUY.20140702.ZOO,,Monostyla bulla,"",1,,,,EcoAnalysts Inc.,legacyData,20231226T225809Z,RELEASE-2024
24aedf06-b841-4381-a5c9-a0f636fc6955,D03,BARC,BARC.AOS.littoral2,2014-07-02T16:00Z,2014-07-02T16:00Z,BARC.OUT.20140702.ZOO,,Ptygura brachiata,"",1,,,,EcoAnalysts Inc.,legacyData,20231226T225809Z,RELEASE-2024
d6cdd263-4435-4a64-8eb5-5127de2c071c,D03,BARC,BARC.AOS.littoral2,2014-07-02T16:00Z,2014-07-02T16:00Z,BARC.OUT.20140702.ZOO,,Lecane leontina,"",1,,,,EcoAnalysts Inc.,legacyData,20231226T225809Z,RELEASE-2024
b48857fb-6a41-4c93-bef4-bca6bd7de4f5,D03,BARC,BARC.AOS.buoy.c0,2014-07-02T16:00Z,2014-07-02T16:00Z,BARC.BOUY.20140702.ZOO,,Lecane mira,"",1,,,,EcoAnalysts Inc.,legacyData,20231226T225809Z,RELEASE-2024
b1c7f05b-44f3-46ea-b495-47566d56bf09,D03,BARC,BARC.AOS.littoral2,2014-07-02T16:00Z,2014-07-02T16:00Z,BARC.OUT.20140702.ZOO,,Chydorus sphaericus,"",1,,,,EcoAnalysts Inc.,legacyData,20231226T225809Z,RELEASE-2024
bd98b7c5-3709-4138-8583-f0f309aa643f,D03,BARC,BARC.AOS.buoy.c0,2014-07-02T16:00Z,2014-07-02T16:00Z,BARC.BOUY.20140702.ZOO,,Lecane inermis,"",1,,,,EcoAnalysts Inc.,legacyData,20231226T225809Z,RELEASE-2024
ba34302b-b6df-4600-b02c-9f433c47192b,D03,BARC,BARC.AOS.buoy.c0,2014-07-02T16:00Z,2014-07-02T16:00Z,BARC.BOUY.20140702.ZOO,,Hesperodiaptomus augustaensis,"",1,,,,EcoAnalysts Inc.,legacyData,20231226T225809Z,RELEASE-2024
5843d3b4-65bf-41e0-9f2d-ace48631cae1,D03,BARC,BARC.AOS.buoy.c0,2014-07-02T16:00Z,2014-07-02T16:00Z,BARC.BOUY.20140702.ZOO,,Cyclopoida sp.,copepodites,1,,,,EcoAnalysts Inc.,legacyData,20231226T225809Z,RELEASE-2024
f6c43866-420e-4956-ba57-0f7c34ee210d,D03,BARC,BARC.AOS.littoral1,2015-02-18T17:00Z,2015-02-18T17:00Z,BARC.20150218.TOW.2,,Lecane ligona,,1,,,,EcoAnalysts Inc.,legacyData,20231226T235337Z,RELEASE-2024
dd02df54-a8b4-4762-a67c-52c254de0c1d,D03,BARC,BARC.AOS.buoy.c0,2015-02-18T17:00Z,2015-02-18T17:00Z,BARC.20150218.TOW.1,,Alonella sp.,,1,,,,EcoAnalysts Inc.,legacyData,20231226T235337Z,RELEASE-2024
920ffa96-3a93-46e0-95e7-fa5736665450,D03,BARC,BARC.AOS.littoral2,2015-07-01T16:00Z,2015-07-01T16:00Z,BARC.20150701.SCHINDLER.3,,Macrothricidae sp.,"",,,,,EcoAnalysts Inc.,legacyData,20231226T232535Z,RELEASE-2024
4697f72d-18c7-4462-adb7-7b18b5a72264,D03,BARC,BARC.AOS.buoy.c0,2015-07-01T16:00Z,2015-07-01T16:00Z,BARC.20150701.TOW.1,,Gastropus stylifer,"",,,,,EcoAnalysts Inc.,legacyData,20231226T232535Z,RELEASE-2024
3258802f-561b-4527-9d74-666d00a6492d,D03,BARC,BARC.AOS.buoy.c0,2015-07-01T16:00Z,2015-07-01T16:00Z,BARC.20150701.TOW.1,,Calanoida sp.,copepodites,,,,,EcoAnalysts Inc.,legacyData,20231226T232535Z,RELEASE-2024
59369135-45b6-4e66-92f0-aa95f848ebd4,D03,BARC,BARC.AOS.buoy.c0,2015-07-01T16:00Z,2015-07-01T16:00Z,BARC.20150701.TOW.1,,Skistodiaptomus mississippiensis,"",,,,,EcoAnalysts Inc.,legacyData,20231226T232535Z,RELEASE-2024
3f6064cd-9189-4121-b1d8-421efbb99bd2,D03,BARC,BARC.AOS.buoy.c0,2015-07-01T16:00Z,2015-07-01T16:00Z,BARC.20150701.TOW.1,,Synchaeta sp.,"",,,,,EcoAnalysts Inc.,legacyData,20231226T232535Z,RELEASE-2024
c1628ef8-5505-41ec-945c-cf1f2113b3d8,D03,BARC,BARC.AOS.buoy.c0,2015-07-01T16:00Z,2015-07-01T16:00Z,BARC.20150701.TOW.1,,Cyclopoida sp.,copepodites,,,,,EcoAnalysts Inc.,legacyData,20231226T232535Z,RELEASE-2024
322d69d3-a5b3-409d-b13e-cad30c8ee7b3,D03,BARC,BARC.AOS.littoral2,2015-07-01T16:00Z,2015-07-01T16:00Z,BARC.20150701.SCHINDLER.3,,Chydoridae sp.,"",,,,,EcoAnalysts Inc.,legacyData,20231226T232535Z,RELEASE-2024
0be77478-1c34-4d52-bea0-75f38593ad36,D03,BARC,BARC.AOS.littoral2,2015-07-01T16:00Z,2015-07-01T16:00Z,BARC.20150701.SCHINDLER.3,,Polyarthra sp.,"",,,,,EcoAnalysts Inc.,legacyData,20231226T232535Z,RELEASE-2024
411f8ceb-feff-4d81-98ca-441e9f2181c1,D03,BARC,BARC.AOS.buoy.c0,2015-07-01T16:00Z,2015-07-01T16:00Z,BARC.20150701.TOW.1,,Keratella taurocephala,"",,,,,EcoAnalysts Inc.,legacyData,20231226T232535Z,RELEASE-2024
cbb33a1b-7a75-46ea-b3e8-1c41e2cf6c23,D03,BARC,BARC.AOS.littoral2,2015-07-01T16:00Z,2015-07-01T16:00Z,BARC.20150701.SCHINDLER.3,,Acroperus harpae,"",,,,,EcoAnalysts Inc.,legacyData,20231226T232535Z,RELEASE-2024
3f8827d0-4e18-4eea-aae2-793744461c66,D03,BARC,BARC.AOS.buoy.c0,2015-07-01T16:00Z,2015-07-01T16:00Z,BARC.20150701.TOW.1,,Arctodiaptomus floridanus,"",,,,,EcoAnalysts Inc.,legacyData,20231226T232535Z,RELEASE-2024
91c2e296-38b0-4fb5-99e9-654fdbdb253f,D03,BARC,BARC.AOS.littoral1,2015-07-01T16:00Z,2015-07-01T16:00Z,BARC.20150701.SCHINDLER.2,,Trichocerca sp.,"",,,,,EcoAnalysts Inc.,legacyData,20231226T232535Z,RELEASE-2024
136844fc-6027-46fd-976e-340605cfaf3c,D03,BARC,BARC.AOS.buoy.c0,2015-07-01T16:00Z,2015-07-01T16:00Z,BARC.20150701.TOW.1,,Copepoda sp.,nauplii,,,,,EcoAnalysts Inc.,legacyData,20231226T232535Z,RELEASE-2024
deea6d4c-345f-43e9-81d9-0dd6e8aae6a4,D03,BARC,BARC.AOS.buoy.c0,2015-07-01T16:00Z,2015-07-01T16:00Z,BARC.20150701.TOW.1,,Lecane mira,"",,,,,EcoAnalysts Inc.,legacyData,20231226T232535Z,RELEASE-2024
21ec6899-62de-4431-b9c2-59e26023e0fa,D03,BARC,BARC.AOS.buoy.c0,2015-07-01T16:00Z,2015-07-01T16:00Z,BARC.20150701.TOW.1,,Asplanchna priodonta,"",,,,,EcoAnalysts Inc.,legacyData,20231226T232535Z,RELEASE-2024
6c05f24e-c859-4e3c-95e4-5e5acf76a0f6,D03,BARC,BARC.AOS.littoral2,2015-07-01T16:00Z,2015-07-01T16:00Z,BARC.20150701.SCHINDLER.3,,Monostyla sp.,"",,,,,EcoAnalysts Inc.,legacyData,20231226T232535Z,RELEASE-2024
2c4b5a44-b736-42b9-bf20-cc1e0d581bda,D03,BARC,BARC.AOS.buoy.c0,2015-07-01T16:00Z,2015-07-01T16:00Z,BARC.20150701.TOW.1,,Tropocyclops prasinus mexicanus,"",,,,,EcoAnalysts Inc.,legacyData,20231226T232535Z,RELEASE-2024
6350ed20-fa32-4b1f-b2ff-0d0b41c43fd3,D03,BARC,BARC.AOS.buoy.c0,2015-11-05T17:00Z,2015-11-05T17:00Z,BARC.20151105.TOW.1,,Calanoida sp.,copepodites,,,,,EcoAnalysts Inc.,legacyData,20231226T233633Z,RELEASE-2024
9a5c0dc2-b554-43f3-81b5-bda751f05209,D03,BARC,BARC.AOS.littoral1,2015-11-05T17:00Z,2015-11-05T17:00Z,BARC.20151105.TOW.2,,Monostyla bulla,"",,,,,EcoAnalysts Inc.,legacyData,20231226T233633Z,RELEASE-2024
9927f399-00ec-4936-95ba-c7ad8b714283,D03,BARC,BARC.AOS.littoral2,2015-11-05T17:00Z,2015-11-05T17:00Z,BARC.20151105.SCHINDLER.3,,Alona sp.,"",,,,,EcoAnalysts Inc.,legacyData,20231226T233633Z,RELEASE-2024
c4743e78-b3b5-4f46-b67e-a06b2e15e5b5,D03,BARC,BARC.AOS.buoy.c0,2015-11-05T17:00Z,2015-11-05T17:00Z,BARC.20151105.TOW.1,,Copepoda sp.,nauplii,,,,,EcoAnalysts Inc.,legacyData,20231226T233633Z,RELEASE-2024
8c11db0c-527d-4393-9aa7-63614cc63a26,D03,BARC,BARC.AOS.littoral2,2015-11-05T17:00Z,2015-11-05T17:00Z,BARC.20151105.SCHINDLER.3,,Lecane mira,"",,,,,EcoAnalysts Inc.,legacyData,20231226T233633Z,RELEASE-2024
e22c9944-219d-432e-ad68-4d2d17d012b4,D03,BARC,BARC.AOS.littoral2,2015-11-05T17:00Z,2015-11-05T17:00Z,BARC.20151105.SCHINDLER.3,,Bdelloidea sp.,"",,,,,EcoAnalysts Inc.,legacyData,20231226T233633Z,RELEASE-2024
9f556405-da74-4a80-91c3-e9507ab474ae,D03,BARC,BARC.AOS.littoral1,2015-11-05T17:00Z,2015-11-05T17:00Z,BARC.20151105.TOW.2,,Chydorus sp.,"",,,,,EcoAnalysts Inc.,legacyData,20231226T233633Z,RELEASE-2024
5fad6952-d5c9-4367-b4e2-e78bc44d77ed,D03,BARC,BARC.AOS.littoral1,2015-11-05T17:00Z,2015-11-05T17:00Z,BARC.20151105.TOW.2,,Acroperus harpae,"",,,,,EcoAnalysts Inc.,legacyData,20231226T233633Z,RELEASE-2024
e1bdf087-fe4c-41ea-afe5-d7071f6afb1e,D03,BARC,BARC.AOS.buoy.c0,2015-11-05T17:00Z,2015-11-05T17:00Z,BARC.20151105.TOW.1,,Keratella taurocephala,"",,,,,EcoAnalysts Inc.,legacyData,20231226T233633Z,RELEASE-2024
3b66a098-cad2-4e07-9458-fab95ce18ac7,D03,BARC,BARC.AOS.littoral2,2015-11-05T17:00Z,2015-11-05T17:00Z,BARC.20151105.SCHINDLER.3,,Brachionus zahniseri,"",,,,,EcoAnalysts Inc.,legacyData,20231226T233633Z,RELEASE-2024
35cada38-1756-4884-95e6-bc74530d21bc,D03,BARC,BARC.AOS.buoy.c0,2015-11-05T17:00Z,2015-11-05T17:00Z,BARC.20151105.TOW.1,,Skistodiaptomus mississippiensis,"",,,,,EcoAnalysts Inc.,legacyData,20231226T233633Z,RELEASE-2024
b2d90b80-3c95-4545-b076-b9ddeb94af52,D03,BARC,BARC.AOS.buoy.c0,2015-11-05T17:00Z,2015-11-05T17:00Z,BARC.20151105.TOW.1,,Ascomorpha ecaudis,"",,,,,EcoAnalysts Inc.,legacyData,20231226T233633Z,RELEASE-2024
49b4dcf7-d9af-4363-b003-75ddb4ba1da5,D03,BARC,BARC.AOS.buoy.c0,2015-11-05T17:00Z,2015-11-05T17:00Z,BARC.20151105.TOW.1,,Tropocyclops prasinus mexicanus,"",,,,,EcoAnalysts Inc.,legacyData,20231226T233633Z,RELEASE-2024
ec9f790c-ca9d-4c76-832b-a81c10e89cba,D03,BARC,BARC.AOS.buoy.c0,2015-11-05T17:00Z,2015-11-05T17:00Z,BARC.20151105.TOW.1,,Conochilus unicornis,"",,,,,EcoAnalysts Inc.,legacyData,20231226T233633Z,RELEASE-2024
99d81fb3-1a98-4ba5-9934-21c7187a110e,D03,BARC,BARC.AOS.littoral2,2015-11-05T17:00Z,2015-11-05T17:00Z,BARC.20151105.SCHINDLER.3,,Polyarthra sp.,"",,,,,EcoAnalysts Inc.,legacyData,20231226T233633Z,RELEASE-2024
f0d7eb0d-a60a-43fe-b3d7-3c11103549ce,D03,BARC,BARC.AOS.littoral1,2015-11-05T17:00Z,2015-11-05T17:00Z,BARC.20151105.TOW.2,,Diaphanosoma sp.,"",,,,,EcoAnalysts Inc.,legacyData,20231226T233633Z,RELEASE-2024
93351fe0-0007-4191-b6fc-b4a873d3ee12,D03,BARC,BARC.AOS.buoy.c0,2015-11-05T17:00Z,2015-11-05T17:00Z,BARC.20151105.TOW.1,,Arctodiaptomus floridanus,"",,,,,EcoAnalysts Inc.,legacyData,20231226T233633Z,RELEASE-2024
b8b0cee7-1621-4cbd-8c5b-71f47a59c669,D03,BARC,BARC.AOS.buoy.c0,2015-11-05T17:00Z,2015-11-05T17:00Z,BARC.20151105.TOW.1,,Synchaeta sp.,"",,,,,EcoAnalysts Inc.,legacyData,20231226T233633Z,RELEASE-2024
ecb17a30-170b-46ca-81b9-3a0721ab94c1,D03,BARC,BARC.AOS.buoy.c0,2015-11-05T17:00Z,2015-11-05T17:00Z,BARC.20151105.TOW.1,,Gastropus stylifer,"",,,,,EcoAnalysts Inc.,legacyData,20231226T233633Z,RELEASE-2024
1668d6f0-defb-4d9e-a1d2-dad7ab23a226,D03,BARC,BARC.AOS.littoral2,2015-11-05T17:00Z,2015-11-05T17:00Z,BARC.20151105.SCHINDLER.3,,Ploesoma lenticulare,"",,,,,EcoAnalysts Inc.,legacyData,20231226T233633Z,RELEASE-2024
9e502807-74a4-4505-992b-81dec5fd5039,D03,BARC,BARC.AOS.littoral2,2015-11-05T17:00Z,2015-11-05T17:00Z,BARC.20151105.SCHINDLER.3,,Chydorus sphaericus,"",,,,,EcoAnalysts Inc.,legacyData,20231226T233633Z,RELEASE-2024
6f09864b-2368-434e-a462-53ffbffabfcc,D03,BARC,BARC.AOS.littoral1,2015-11-05T17:00Z,2015-11-05T17:00Z,BARC.20151105.TOW.2,,Trichocerca porcellus,"",,,,,EcoAnalysts Inc.,legacyData,20231226T233633Z,RELEASE-2024
11a7abf5-440b-48d8-ab3f-1711ab9a9a5e,D03,BARC,BARC.AOS.littoral1,2016-02-19T17:00Z,2016-02-19T17:00Z,BARC.20160219.SCHINDLER.2,,Monommata sp.,,,,,,EcoAnalysts Inc.,legacyData,20231227T013756Z,RELEASE-2024
ab07167d-8196-4002-a2b7-0b24c64ae845,D03,BARC,BARC.AOS.littoral1,2016-02-19T17:00Z,2016-02-19T17:00Z,BARC.20160219.SCHINDLER.2,,Ascomorpha ovalis,,,,,,EcoAnalysts Inc.,legacyData,20231227T013756Z,RELEASE-2024
f7ec51f0-1cfe-4e0a-a9f0-f3f9ff4ec597,D03,BARC,BARC.AOS.littoral1,2016-07-06T16:00Z,2016-07-06T16:00Z,BARC.20160706.SCHINDLERPATALAS.2,,Monostyla quadridentata,,,,,,EcoAnalysts Inc.,legacyData,20231227T012724Z,RELEASE-2024
f8ef824d-be0f-4891-ba54-f0abc86d3ab0,D03,BARC,BARC.AOS.littoral1,2016-07-06T16:00Z,2016-07-06T16:00Z,BARC.20160706.SCHINDLERPATALAS.2,,Notommatidae sp.,,,,,,EcoAnalysts Inc.,legacyData,20231227T012724Z,RELEASE-2024
81cc12dd-913a-43a8-a318-401f6dc127c2,D03,BARC,BARC.AOS.littoral2,2016-11-01T16:00Z,2016-11-01T16:00Z,BARC.20161101.SCHINDLER.3,,Stephanoceros fimbriatus,,,,,,EcoAnalysts Inc.,legacyData,20231227T021712Z,RELEASE-2024
e3ac92e0-5393-4967-bf7c-c4a487827952,D03,BARC,BARC.AOS.littoral2,2016-11-01T16:00Z,2016-11-01T16:00Z,BARC.20161101.SCHINDLER.3,,Ilyocryptus sp.,,,,,,EcoAnalysts Inc.,legacyData,20231227T021712Z,RELEASE-2024
9dae84fc-335f-4484-aa0e-487d56248e93,D03,BARC,BARC.AOS.littoral2,2016-11-01T16:00Z,2016-11-01T16:00Z,BARC.20161101.SCHINDLER.3,,Rotifera sp.,,,,,,EcoAnalysts Inc.,legacyData,20231227T021712Z,RELEASE-2024
4f7ce622-120b-46c3-ad9d-00bd1b36ef7d,D03,BARC,BARC.AOS.littoral2,2021-07-13T14:56Z,2021-07-13T14:56Z,BARC.20210713.SCHINDLER.1,A00000132741,Eucyclops agilis,,1,,,,EcoAnalysts Inc.,,20231228T000008Z,RELEASE-2024
0fff8b3a-0da6-4831-ad0e-39241a3ddb62,D03,BARC,BARC.AOS.littoral2,2021-07-13T14:56Z,2021-07-13T14:56Z,BARC.20210713.SCHINDLER.1,A00000132741,Paracyclops sp.,,1,,,,EcoAnalysts Inc.,,20231228T000008Z,RELEASE-2024
af695069-83a4-4122-94be-1df80eaa0f30,D03,BARC,BARC.AOS.buoy.c0,2021-11-02T17:42Z,2021-11-02T17:42Z,BARC.20211102.TOWNET.1,A00000132926,Keratella americana,,1,KERATELLA_AMERICANA_200X_BA22NEOZ04001,,photo,"Rhithron Associates, Inc.",,20231228T002440Z,RELEASE-2024
617ff99e-4eb7-45b4-ac40-7d467e801512,D03,BARC,BARC.AOS.buoy.c0,2021-11-02T17:42Z,2021-11-02T17:42Z,BARC.20211102.TOWNET.1,A00000132926,Gastropus stylifer,,1,GASTROPUS_STYLIFER_200X_BA22NEOZ04001,,photo,"Rhithron Associates, Inc.",,20231228T002440Z,RELEASE-2024
35e8814a-face-4b23-935e-3a16a0420f75,D03,BARC,BARC.AOS.buoy.c0,2021-11-02T17:42Z,2021-11-02T17:42Z,BARC.20211102.TOWNET.1,A00000132926,Arctodiaptomus floridanus,,1,ARCTODIAPTOMUS_FLORIDANUS_630X_ANT_PROCESS_BA22NEOZ04001,,photo,"Rhithron Associates, Inc.",,20231228T002440Z,RELEASE-2024
ed559a6b-bd53-43d2-b39b-dc4a6a36fc22,D03,BARC,BARC.AOS.buoy.c0,2021-11-02T17:42Z,2021-11-02T17:42Z,BARC.20211102.TOWNET.1,A00000132926,Lecane lunaris,,1,MONOSTYLA_LUNARIS_200X_BANEOZ04001,,photo,"Rhithron Associates, Inc.",,20231228T002440Z,RELEASE-2024
b7e84f9b-f601-4514-9996-04ef3ca04e76,D03,BARC,BARC.AOS.littoral1,2021-11-02T17:42Z,2021-11-02T17:42Z,BARC.20211102.SCHINDLER.2,A00000132952,Lecane mira,,1,LECANE_MIRA_200X_BA22NEOZ04003,,photo,"Rhithron Associates, Inc.",,20231228T002440Z,RELEASE-2024
87a2164d-8be2-4bd6-a01b-bd2dcef58d50,D03,BARC,BARC.AOS.buoy.c0,2021-11-02T17:42Z,2021-11-02T17:42Z,BARC.20211102.TOWNET.1,A00000132926,Plationus patulus,,1,PLATIONUS_PATULUS_200X_BA22NEOZ04001,,photo,"Rhithron Associates, Inc.",,20231228T002440Z,RELEASE-2024
85fc9b20-364e-4544-9627-daf3b76acf13,D03,BARC,BARC.AOS.buoy.c0,2021-11-02T17:42Z,2021-11-02T17:42Z,BARC.20211102.TOWNET.1,A00000132926,Bosmina tubicen,,1,BOSMINA_TUBICEN_200X_BA22NEOZ04001,,photo,"Rhithron Associates, Inc.",,20231228T002440Z,RELEASE-2024
4e5cb4ba-777a-4d71-b429-765099769da3,D03,BARC,BARC.AOS.buoy.c0,2021-11-02T17:42Z,2021-11-02T17:42Z,BARC.20211102.TOWNET.1,A00000132926,Skistodiaptomus mississippiensis,,1,SKISTODIAPTOMUS_MISSISSIPPIENSIS_200X_BA22NEOZ04001,,photo,"Rhithron Associates, Inc.",,20231228T002440Z,RELEASE-2024
ec7d9dab-e0e2-47fa-be31-a70444b3f998,D03,BARC,BARC.AOS.littoral2,2022-02-16T14:25Z,2022-02-16T14:25Z,BARC.20220216.SCHINDLER.3,A00000316701,Lecane closterocerca,,1,MONOSTYLA_CLOSTEROCERCA_200X_BA22NEOZ05005,,photo,"Rhithron Associates, Inc.",,20231229T044751Z,PROVISIONAL
83d68fae-5217-4c0d-9498-c89368eb9f98,D03,BARC,BARC.AOS.buoy.c0,2022-02-16T14:25Z,2022-02-16T14:25Z,BARC.20220216.TOWNET.1,A00000316702,Trichocerca multicrinis,,1,TRICHOCERCA_MULTICRINIS_200X_BA22NEOZ05004,,photo,"Rhithron Associates, Inc.",,20231229T044751Z,PROVISIONAL
f72f1beb-263d-4f3c-9de8-f5248d03f11f,D03,BARC,BARC.AOS.littoral2,2022-02-16T14:25Z,2022-02-16T14:25Z,BARC.20220216.SCHINDLER.3,A00000316701,Trichotria tetractis,,1,TRICHOTRIA_TETRACTIS_200X_BA22NEOZ05005,,photo,"Rhithron Associates, Inc.",,20231229T044751Z,PROVISIONAL
c30f8f0c-6100-4d3c-a8fb-5499623508e7,D03,SUGG,SUGG.AOS.buoy.c0,2014-07-18T16:00Z,2014-07-18T16:00Z,SUGG.BOUY.20140718.ZOO,,Brachionus zahniseri,,1,,,,EcoAnalysts Inc.,legacyData,20231226T222141Z,RELEASE-2024
5b497c6d-d6c9-4833-aefb-7c73f63e98df,D03,SUGG,SUGG.AOS.buoy.c0,2014-07-18T16:00Z,2014-07-18T16:00Z,SUGG.BOUY.20140718.ZOO,,Polyarthra sp.,,1,,,,EcoAnalysts Inc.,legacyData,20231226T222141Z,RELEASE-2024
084c3290-9757-4d50-b698-8f57bf316261,D03,SUGG,SUGG.AOS.buoy.c0,2014-07-18T16:00Z,2014-07-18T16:00Z,SUGG.BOUY.20140718.ZOO,,Hexarthra sp.,,1,,,,EcoAnalysts Inc.,legacyData,20231226T222141Z,RELEASE-2024
59ba1386-3ccb-4373-ad2f-d1e12daf447b,D03,SUGG,SUGG.AOS.littoral2,2014-07-18T16:00Z,2014-07-18T16:00Z,SUGG.OUT.20140718.ZOO,,Chaoborus sp.,,1,,,,EcoAnalysts Inc.,legacyData,20231226T222141Z,RELEASE-2024
c79d1b7a-4bc2-480b-8fe3-15f4cbb88cfe,D03,SUGG,SUGG.AOS.littoral1,2014-07-18T16:00Z,2014-07-18T16:00Z,SUGG.IN.20140718.ZOO,,Ascomorpha ecaudis,,1,,,,EcoAnalysts Inc.,legacyData,20231226T222141Z,RELEASE-2024
144aad03-c441-4291-8c0a-8130767e38c1,D03,SUGG,SUGG.AOS.buoy.c0,2014-07-18T16:00Z,2014-07-18T16:00Z,SUGG.BOUY.20140718.ZOO,,Synchaeta sp.,,1,,,,EcoAnalysts Inc.,legacyData,20231226T222141Z,RELEASE-2024
5b1b40dc-a2de-44ec-ae35-847e97b55c80,D03,SUGG,SUGG.AOS.littoral1,2015-02-18T17:00Z,2015-02-18T17:00Z,SUGG.20150218.SCHINDLER.2,,Testudinella sp.,,1,,,,EcoAnalysts Inc.,legacyData,20231226T235315Z,RELEASE-2024
a62b2f35-23f3-40ca-ab00-f98446dc2ab1,D03,SUGG,SUGG.AOS.buoy.c0,2015-02-18T17:00Z,2015-02-18T17:00Z,SUGG.20150218.SCHINDLER.1,,Daphnia ambigua,,1,,,,EcoAnalysts Inc.,legacyData,20231226T235315Z,RELEASE-2024
1ed3a753-4c47-4c19-8a40-6729e3a1ff67,D03,SUGG,SUGG.AOS.buoy.c0,2015-07-08T16:00Z,2015-07-08T16:00Z,SUGG.20150708.SCHINDLER.1,,Brachionus zahniseri,,,,,,EcoAnalysts Inc.,legacyData,20231226T233634Z,RELEASE-2024
fe53c8b3-f710-4560-af74-0d1dc6b6d16f,D03,SUGG,SUGG.AOS.littoral2,2015-07-08T16:00Z,2015-07-08T16:00Z,SUGG.20150708.SCHINDLER.3,,Ascomorpha sp.,,,,,,EcoAnalysts Inc.,legacyData,20231226T233634Z,RELEASE-2024
0c3fb85a-d3b8-40b3-80b3-8ae2b0e21d1c,D03,SUGG,SUGG.AOS.buoy.c0,2015-07-08T16:00Z,2015-07-08T16:00Z,SUGG.20150708.SCHINDLER.1,,Hexarthra sp.,,,,,,EcoAnalysts Inc.,legacyData,20231226T233634Z,RELEASE-2024
591540dc-097c-42ae-a613-9143f4434316,D03,SUGG,SUGG.AOS.buoy.c0,2015-07-08T16:00Z,2015-07-08T16:00Z,SUGG.20150708.SCHINDLER.1,,Daphnia ambigua,,,,,,EcoAnalysts Inc.,legacyData,20231226T233634Z,RELEASE-2024
2ce3d53f-7696-4836-bdb6-c52f6abb35e4,D03,SUGG,SUGG.AOS.buoy.c0,2015-07-08T16:00Z,2015-07-08T16:00Z,SUGG.20150708.SCHINDLER.1,,Chaoborus sp.,,,,,,EcoAnalysts Inc.,legacyData,20231226T233634Z,RELEASE-2024
cd6266a0-e0a0-4f5b-acab-b1da9703d06f,D03,SUGG,SUGG.AOS.buoy.c0,2015-07-08T16:00Z,2015-07-08T16:00Z,SUGG.20150708.SCHINDLER.1,,Tropocyclops prasinus mexicanus,,,,,,EcoAnalysts Inc.,legacyData,20231226T233634Z,RELEASE-2024
5ed2ced7-c5a9-4c6b-8c26-a9988a0340e3,D03,SUGG,SUGG.AOS.buoy.c0,2015-11-10T17:00Z,2015-11-10T17:00Z,SUGG.20151110.SCHINDLER.1,,Hexarthra mira,,,,,,EcoAnalysts Inc.,legacyData,20231226T234959Z,RELEASE-2024
da572663-8beb-4cf8-962d-22893d8dad2e,D03,SUGG,SUGG.AOS.buoy.c0,2015-11-10T17:00Z,2015-11-10T17:00Z,SUGG.20151110.SCHINDLER.1,,Daphnia ambigua,,,,,,EcoAnalysts Inc.,legacyData,20231226T234959Z,RELEASE-2024
e8c7b0ef-13b4-4333-8ae1-42806813e1a0,D03,SUGG,SUGG.AOS.buoy.c0,2015-11-10T17:00Z,2015-11-10T17:00Z,SUGG.20151110.SCHINDLER.1,,Conochiloides sp.,,,,,,EcoAnalysts Inc.,legacyData,20231226T234959Z,RELEASE-2024
438e2f59-9109-4da6-9eaf-942866ab354a,D03,SUGG,SUGG.AOS.buoy.c0,2016-02-12T17:00Z,2016-02-12T17:00Z,SUGG.20160212.SCHINDLER.1,,Ostracoda sp.,,,,,,EcoAnalysts Inc.,legacyData,20231227T021220Z,RELEASE-2024
0491551b-196c-4b35-9446-75f4b3be9807,D03,SUGG,SUGG.AOS.littoral1,2016-02-12T17:00Z,2016-02-12T17:00Z,SUGG.20160212.SCHINDLER.2,,Trichocerca similis,,,,,,EcoAnalysts Inc.,legacyData,20231227T021220Z,RELEASE-2024
81e090cb-953a-44f5-9398-20dd56b6eda9,D03,SUGG,SUGG.AOS.littoral1,2016-02-12T17:00Z,2016-02-12T17:00Z,SUGG.20160212.SCHINDLER.2,,Euchlanis sp.,,,,,,EcoAnalysts Inc.,legacyData,20231227T021220Z,RELEASE-2024
75823eb9-1e4b-40d5-9421-b9faf7b3c6a4,D03,SUGG,SUGG.AOS.littoral2,2016-02-12T17:00Z,2016-02-12T17:00Z,SUGG.20160212.SCHINDLER.3,,Eurycercus sp.,,,,,,EcoAnalysts Inc.,legacyData,20231227T021220Z,RELEASE-2024
be6d065c-417f-4ec3-a5f6-7c3bec040bdb,D03,SUGG,SUGG.AOS.buoy.c0,2016-02-12T17:00Z,2016-02-12T17:00Z,SUGG.20160212.SCHINDLER.1,,Synchaeta sp.,,,,,,EcoAnalysts Inc.,legacyData,20231227T021220Z,RELEASE-2024
5cd10e31-0381-4384-9224-72d12c033ce0,D03,SUGG,SUGG.AOS.littoral1,2016-02-12T17:00Z,2016-02-12T17:00Z,SUGG.20160212.SCHINDLER.2,,Beauchampiella sp.,,,,,,EcoAnalysts Inc.,legacyData,20231227T021220Z,RELEASE-2024
405704cd-a970-4ce9-9680-e187a8a03d4f,D03,SUGG,SUGG.AOS.buoy.c0,2016-02-12T17:00Z,2016-02-12T17:00Z,SUGG.20160212.SCHINDLER.1,,Lepadella sp.,,,,,,EcoAnalysts Inc.,legacyData,20231227T021220Z,RELEASE-2024
88884de4-db19-4aef-817b-e94fd0e137db,D03,SUGG,SUGG.AOS.buoy.c0,2016-02-12T17:00Z,2016-02-12T17:00Z,SUGG.20160212.SCHINDLER.1,,Lecane stokesi,,,,,,EcoAnalysts Inc.,legacyData,20231227T021220Z,RELEASE-2024
b093c717-edb5-41d1-9619-95fc40478b13,D03,SUGG,SUGG.AOS.buoy.c0,2016-02-12T17:00Z,2016-02-12T17:00Z,SUGG.20160212.SCHINDLER.1,,Ceriodaphnia sp.,,,,,,EcoAnalysts Inc.,legacyData,20231227T021220Z,RELEASE-2024
b6fb01a8-0a3a-4f88-aa9b-b335d38fa253,D03,SUGG,SUGG.AOS.buoy.c0,2016-02-12T17:00Z,2016-02-12T17:00Z,SUGG.20160212.SCHINDLER.1,,Mesocyclops edax,,,,,,EcoAnalysts Inc.,legacyData,20231227T021220Z,RELEASE-2024
3c7a0846-4441-4bde-a1d6-6f433a01181f,D03,SUGG,SUGG.AOS.littoral1,2016-02-12T17:00Z,2016-02-12T17:00Z,SUGG.20160212.SCHINDLER.2,,Keratella serrulata,,,,,,EcoAnalysts Inc.,legacyData,20231227T021220Z,RELEASE-2024
44ddb0c8-c960-4e10-bfc8-be0e19f2825b,D03,SUGG,SUGG.AOS.littoral2,2016-02-12T17:00Z,2016-02-12T17:00Z,SUGG.20160212.SCHINDLER.3,,Camptocercus sp.,,,,,,EcoAnalysts Inc.,legacyData,20231227T021220Z,RELEASE-2024
a3f61828-0b69-47a8-be51-fe188f5dad52,D03,SUGG,SUGG.AOS.littoral2,2016-02-12T17:00Z,2016-02-12T17:00Z,SUGG.20160212.SCHINDLER.3,,Simocephalus serrulatus,,,,,,EcoAnalysts Inc.,legacyData,20231227T021220Z,RELEASE-2024
98bb8dd6-155f-4eed-b2f6-4fad248957ae,D03,SUGG,SUGG.AOS.littoral1,2016-02-12T17:00Z,2016-02-12T17:00Z,SUGG.20160212.SCHINDLER.2,,Monostyla lunaris,,,,,,EcoAnalysts Inc.,legacyData,20231227T021220Z,RELEASE-2024
57559ab8-0dbe-441b-a84a-4a47273f0e81,D03,SUGG,SUGG.AOS.littoral1,2016-02-12T17:00Z,2016-02-12T17:00Z,SUGG.20160212.SCHINDLER.2,,Testudinella sp.,,,,,,EcoAnalysts Inc.,legacyData,20231227T021220Z,RELEASE-2024
ffb371eb-3a16-438f-83e0-6652b9c41be0,D03,SUGG,SUGG.AOS.littoral2,2017-02-09T17:00Z,2017-02-09T17:00Z,SUGG.20170209.SCHINDLER.3,,Keratella gracilenta,,,,,,EcoAnalysts Inc.,legacyData,20231227T082850Z,RELEASE-2024
def23a47-d018-44d9-8e9b-8ecd941493cf,D03,SUGG,SUGG.AOS.buoy.c0,2022-02-14T16:41Z,2022-02-14T16:41Z,SUGG.20220214.SCHINDLER.1,A00000173205,Testudinella sp.,,1,TESTUDINELLA_200X_BA22NEOZ003,,photo,"Rhithron Associates, Inc.",,20231229T042808Z,PROVISIONAL
2c52bfa7-30b0-40d8-af61-69286ddc3c87,D03,SUGG,SUGG.AOS.littoral1,2022-02-14T16:41Z,2022-02-14T16:41Z,SUGG.20220214.SCHINDLER.2,A00000173206,Ploesoma lenticulare,,1,PLOESOMA_LENTICULARE_200X_BA22NEOZ05002,,photo,"Rhithron Associates, Inc.",,20231229T042808Z,PROVISIONAL
dde73466-7a1e-4eee-a822-0778002b728a,D03,SUGG,SUGG.AOS.littoral2,2022-02-14T16:41Z,2022-02-14T16:41Z,SUGG.20220214.SCHINDLER.3,A00000173174,Tropocyclops prasinus mexicanus,,1,TROPOCYCLOPS_200X_BA22NEOZ05001,,photo,"Rhithron Associates, Inc.",,20231229T042808Z,PROVISIONAL
79812e47-36e8-4d5b-aa09-9f1b478e42ce,D03,SUGG,SUGG.AOS.littoral1,2022-02-14T16:41Z,2022-02-14T16:41Z,SUGG.20220214.SCHINDLER.2,A00000173206,Lecane bulla,,1,MONOSTYLA_BULLA_200X_BA22NEOZ05002,,photo,"Rhithron Associates, Inc.",,20231229T042808Z,PROVISIONAL
0a3f21dc-ac5a-45ff-b780-8829a5fc0709,D03,SUGG,SUGG.AOS.littoral1,2022-02-14T16:41Z,2022-02-14T16:41Z,SUGG.20220214.SCHINDLER.2,A00000173206,Keratella serrulata,,1,KERATELLA_SERRULATA_200X_BA22NEOZ05002,,photo,"Rhithron Associates, Inc.",,20231229T042808Z,PROVISIONAL
f3778801-c254-44f9-b7de-48dedde3bc76,D05,CRAM,CRAM.AOS.littoral2,2015-05-13T17:00Z,2015-05-13T17:00Z,CRAM.20150513.SCHINDLERPATALAS.1,,Bosmina longirostris,,1,,,,GEI Consultants Inc.,legacyData,20231226T233946Z,RELEASE-2024
d906cf2f-dcee-4d60-a617-ea68a36d7ace,D05,CRAM,CRAM.AOS.littoral2,2015-05-13T17:00Z,2015-05-13T17:00Z,CRAM.20150513.SCHINDLERPATALAS.1,,Holopedium gibberum,,1,,,,GEI Consultants Inc.,legacyData,20231226T233946Z,RELEASE-2024
851237d0-fe8d-48f1-b8e0-f80907d85d55,D05,CRAM,CRAM.AOS.littoral1,2015-05-13T17:00Z,2015-05-13T17:00Z,CRAM.20150513.SCHINDLERPATALAS.2,,Disparalona rostrata,,1,,,,GEI Consultants Inc.,legacyData,20231226T233946Z,RELEASE-2024
b2fadabe-1e44-44b3-aefe-0d3b00d44d68,D05,CRAM,CRAM.AOS.littoral2,2015-05-13T17:00Z,2015-05-13T17:00Z,CRAM.20150513.SCHINDLERPATALAS.1,,Macrothricidae sp.,,1,,,,GEI Consultants Inc.,legacyData,20231226T233946Z,RELEASE-2024
12855a9c-63a7-427b-87d1-cad4193660eb,D05,CRAM,CRAM.AOS.littoral2,2015-05-13T17:00Z,2015-05-13T17:00Z,CRAM.20150513.SCHINDLERPATALAS.1,,Keratella taurocephala,,1,,,,GEI Consultants Inc.,legacyData,20231226T233946Z,RELEASE-2024
673f7138-6a0f-4ff8-b5ff-862966aa5ea9,D05,CRAM,CRAM.AOS.littoral2,2015-05-13T17:00Z,2015-05-13T17:00Z,CRAM.20150513.SCHINDLERPATALAS.1,,Chydorus sphaericus,,1,,,,GEI Consultants Inc.,legacyData,20231226T233946Z,RELEASE-2024
77b6b78f-b4e6-4f21-afc9-9fa4e33d0f7c,D05,CRAM,CRAM.AOS.littoral2,2015-05-13T17:00Z,2015-05-13T17:00Z,CRAM.20150513.SCHINDLERPATALAS.1,,Leptodiaptomus minutus,,1,,,,GEI Consultants Inc.,legacyData,20231226T233946Z,RELEASE-2024
7955a537-5c8f-4dd6-ac09-a38e37807325,D05,CRAM,CRAM.AOS.littoral1,2015-05-13T17:00Z,2015-05-13T17:00Z,CRAM.20150513.SCHINDLERPATALAS.2,,Lecane sp.,,1,,,,GEI Consultants Inc.,legacyData,20231226T233946Z,RELEASE-2024
963231a8-bbba-48a0-9ed7-f50fc1e8d7c6,D05,CRAM,CRAM.AOS.littoral1,2015-05-13T17:00Z,2015-05-13T17:00Z,CRAM.20150513.SCHINDLERPATALAS.2,,Acroperus harpae,,1,,,,GEI Consultants Inc.,legacyData,20231226T233946Z,RELEASE-2024
7faae758-eac1-4121-9650-64b8e5211255,D05,CRAM,CRAM.AOS.littoral1,2015-05-13T17:00Z,2015-05-13T17:00Z,CRAM.20150513.SCHINDLERPATALAS.2,,Keratella cochlearis,,1,,,,GEI Consultants Inc.,legacyData,20231226T233946Z,RELEASE-2024
94f58f65-c5e3-492d-bfed-7b11f5396430,D05,CRAM,CRAM.AOS.littoral2,2015-05-13T17:00Z,2015-05-13T17:00Z,CRAM.20150513.SCHINDLERPATALAS.1,,Conochiloides sp.,,1,,,,GEI Consultants Inc.,legacyData,20231226T233946Z,RELEASE-2024
d07bcd87-df11-4d95-8028-e3be4862d994,D05,CRAM,CRAM.AOS.littoral1,2015-07-13T17:00Z,2015-07-13T17:00Z,CRAM.20150713.SCHINDLERPATALAS.2,,Ploesoma triacanthum,,1,,,,GEI Consultants Inc.,legacyData,20231226T234941Z,RELEASE-2024
0b19e3ce-6a26-4013-b300-96b8de22cad6,D05,CRAM,CRAM.AOS.buoy.c0,2015-07-13T17:00Z,2015-07-13T17:00Z,CRAM.20150713.TOWNET.3,,Holopedium gibberum,,1,,,,GEI Consultants Inc.,legacyData,20231226T234941Z,RELEASE-2024
1e298632-ad36-449a-b0f5-596a3c02b204,D05,CRAM,CRAM.AOS.littoral1,2015-07-13T17:00Z,2015-07-13T17:00Z,CRAM.20150713.SCHINDLERPATALAS.2,,Ceriodaphnia sp.,,1,,,,GEI Consultants Inc.,legacyData,20231226T234941Z,RELEASE-2024
9c92cda5-4ed7-4a68-8659-6d983ec836e6,D05,CRAM,CRAM.AOS.littoral2,2015-07-13T17:00Z,2015-07-13T17:00Z,CRAM.20150713.SCHINDLERPATALAS.1,,Acroperus harpae,,1,,,,GEI Consultants Inc.,legacyData,20231226T234941Z,RELEASE-2024
5f31c2f8-7e5e-4103-8939-60d07a222c6a,D05,CRAM,CRAM.AOS.littoral1,2015-07-13T17:00Z,2015-07-13T17:00Z,CRAM.20150713.SCHINDLERPATALAS.2,,Diaphanosoma sp.,,1,,,,GEI Consultants Inc.,legacyData,20231226T234941Z,RELEASE-2024
fad9beb1-7036-49d3-8677-16f583856849,D05,CRAM,CRAM.AOS.littoral2,2015-07-13T17:00Z,2015-07-13T17:00Z,CRAM.20150713.SCHINDLERPATALAS.1,,Notommata sp.,,1,,,,GEI Consultants Inc.,legacyData,20231226T234941Z,RELEASE-2024
d5ec33de-052f-46c5-8eee-10cea1e21e1e,D05,CRAM,CRAM.AOS.buoy.c0,2015-07-13T17:00Z,2015-07-13T17:00Z,CRAM.20150713.TOWNET.3,,Kellicottia bostoniensis,,1,,,,GEI Consultants Inc.,legacyData,20231226T234941Z,RELEASE-2024
ebdf0b55-8cd6-43cd-90f6-b2d4ddeb53c7,D05,CRAM,CRAM.AOS.littoral2,2015-07-13T17:00Z,2015-07-13T17:00Z,CRAM.20150713.SCHINDLERPATALAS.1,,Diacyclops thomasi,,1,,,,GEI Consultants Inc.,legacyData,20231226T234941Z,RELEASE-2024
1060f593-a677-4251-b879-ec807b7ebcae,D05,CRAM,CRAM.AOS.littoral2,2015-07-13T17:00Z,2015-07-13T17:00Z,CRAM.20150713.SCHINDLERPATALAS.1,,Sida crystallina,,1,,,,GEI Consultants Inc.,legacyData,20231226T234941Z,RELEASE-2024
8b94457a-f3fc-4c1f-9c33-5d4fd80c1a61,D05,CRAM,CRAM.AOS.littoral1,2015-07-13T17:00Z,2015-07-13T17:00Z,CRAM.20150713.SCHINDLERPATALAS.2,,Lecane luna,,1,,,,GEI Consultants Inc.,legacyData,20231226T234941Z,RELEASE-2024
ec2747f9-0c26-4525-8b3f-edd04c31ca00,D05,CRAM,CRAM.AOS.buoy.c0,2015-07-13T17:00Z,2015-07-13T17:00Z,CRAM.20150713.TOWNET.3,,Keratella testudo,,1,,,,GEI Consultants Inc.,legacyData,20231226T234941Z,RELEASE-2024
128cc75b-d910-4ba5-a4d4-1e16b5a72441,D05,CRAM,CRAM.AOS.littoral1,2015-07-13T17:00Z,2015-07-13T17:00Z,CRAM.20150713.SCHINDLERPATALAS.2,,Trichocerca cylindrica,,1,,,,GEI Consultants Inc.,legacyData,20231226T234941Z,RELEASE-2024
8cccd0f8-ef75-4de7-84b0-1f508b91125c,D05,CRAM,CRAM.AOS.littoral1,2015-07-13T17:00Z,2015-07-13T17:00Z,CRAM.20150713.SCHINDLERPATALAS.2,,Asplanchna sp.,,1,,,,GEI Consultants Inc.,legacyData,20231226T234941Z,RELEASE-2024
b879a54a-90f8-4aef-b18e-9a3203b50576,D05,CRAM,CRAM.AOS.buoy.c0,2015-07-13T17:00Z,2015-07-13T17:00Z,CRAM.20150713.TOWNET.3,,Mesocyclops edax,,1,,,,GEI Consultants Inc.,legacyData,20231226T234941Z,RELEASE-2024
61eea773-71d0-476c-b81a-f8b04891db3a,D05,CRAM,CRAM.AOS.littoral2,2015-07-13T17:00Z,2015-07-13T17:00Z,CRAM.20150713.SCHINDLERPATALAS.1,,Macrothrix sp.,,1,,,,GEI Consultants Inc.,legacyData,20231226T234941Z,RELEASE-2024
5f459748-acdb-4454-897e-47c424b6ebfd,D05,CRAM,CRAM.AOS.littoral2,2015-09-14T17:00Z,2015-09-14T17:00Z,CRAM.20150914.SCHINDLERPATALAS.1,,Trichocerca multicrinis,,1,,,,GEI Consultants Inc.,legacyData,20231227T000313Z,RELEASE-2024
38b22280-20d3-4d4d-8c42-cf93b2eed46f,D05,CRAM,CRAM.AOS.littoral2,2015-09-14T17:00Z,2015-09-14T17:00Z,CRAM.20150914.SCHINDLERPATALAS.1,,Polyarthra sp.,,1,,,,GEI Consultants Inc.,legacyData,20231227T000313Z,RELEASE-2024
5c802ab2-ca2f-48d7-b95c-2d5b2d629d73,D05,CRAM,CRAM.AOS.littoral1,2015-09-14T17:00Z,2015-09-14T17:00Z,CRAM.20150914.SCHINDLERPATALAS.2,,Keratella taurocephala,,1,,,,GEI Consultants Inc.,legacyData,20231227T000313Z,RELEASE-2024
e05d420b-63c6-4331-8aed-adc27c30981f,D05,CRAM,CRAM.AOS.littoral1,2015-09-14T17:00Z,2015-09-14T17:00Z,CRAM.20150914.SCHINDLERPATALAS.2,,Eubosmina tubicen,,1,,,,GEI Consultants Inc.,legacyData,20231227T000313Z,RELEASE-2024
1018c959-dc17-4211-b88e-747989bbf9c7,D05,CRAM,CRAM.AOS.littoral2,2016-04-29T17:00Z,2016-04-29T17:00Z,CRAM.20160429.SCHINDLERPATALAS.1,,Leptodiaptomus minutus,,1,,,,GEI Consultants Inc.,legacyData,20231227T015923Z,RELEASE-2024
0d94575c-0d60-44b9-b524-af37f2285cde,D05,CRAM,CRAM.AOS.littoral1,2016-04-29T17:00Z,2016-04-29T17:00Z,CRAM.20160429.SCHINDLERPATALAS.2,,Trichotria tetractis,,1,,,,GEI Consultants Inc.,legacyData,20231227T015923Z,RELEASE-2024
80fd46e2-c86b-45b8-8e05-23a0499a76ad,D05,CRAM,CRAM.AOS.buoy.c0,2016-04-29T17:00Z,2016-04-29T17:00Z,CRAM.20160429.TOWNET.3,,Daphnia catawba,,1,,,,GEI Consultants Inc.,legacyData,20231227T015923Z,RELEASE-2024
bff4f633-f98a-42e7-94ba-932757d3e373,D05,CRAM,CRAM.AOS.littoral1,2016-04-29T17:00Z,2016-04-29T17:00Z,CRAM.20160429.SCHINDLERPATALAS.2,,Keratella serrulata curvicornis,,1,,,,GEI Consultants Inc.,legacyData,20231227T015923Z,RELEASE-2024
cd52c710-f18e-4d92-b6db-cb30804f3777,D05,CRAM,CRAM.AOS.buoy.c0,2016-04-29T17:00Z,2016-04-29T17:00Z,CRAM.20160429.TOWNET.3,,Tropocyclops prasinus mexicanus,,1,,,,GEI Consultants Inc.,legacyData,20231227T015923Z,RELEASE-2024
8f3dea8c-dd61-4996-9e53-de20a7b84e7b,D05,CRAM,CRAM.AOS.littoral2,2016-04-29T17:00Z,2016-04-29T17:00Z,CRAM.20160429.SCHINDLERPATALAS.1,,Disparalona acutirostris,,1,,,,GEI Consultants Inc.,legacyData,20231227T015923Z,RELEASE-2024
635cf5fc-1e03-4bbc-9a51-72c1452b9f6d,D05,CRAM,CRAM.AOS.littoral1,2016-04-29T17:00Z,2016-04-29T17:00Z,CRAM.20160429.SCHINDLERPATALAS.2,,Alona guttata,,1,,,,GEI Consultants Inc.,legacyData,20231227T015923Z,RELEASE-2024
048cb15e-9643-484a-b7f3-aea7feb18491,D05,CRAM,CRAM.AOS.littoral2,2016-07-13T17:00Z,2016-07-13T17:00Z,CRAM.20160713.SCHINDLER.1,,Polyarthra sp.,"",,,,,EcoAnalysts Inc.,legacyData,20231227T011210Z,RELEASE-2024
7148af4d-acaf-4b66-83f0-b8599ba9ab30,D05,CRAM,CRAM.AOS.buoy.c0,2016-07-13T17:00Z,2016-07-13T17:00Z,CRAM.20160713.TOWNET.3,,Ploesoma lenticulare,"",,,,,EcoAnalysts Inc.,legacyData,20231227T011210Z,RELEASE-2024
7fa220c8-63d3-44af-976c-f05ef20b0f9e,D05,CRAM,CRAM.AOS.littoral2,2016-07-13T17:00Z,2016-07-13T17:00Z,CRAM.20160713.SCHINDLER.1,,Bosmina longirostris,"",,,,,EcoAnalysts Inc.,legacyData,20231227T011210Z,RELEASE-2024
b4af2952-0d5d-4ddf-b528-87d0b43b5199,D05,CRAM,CRAM.AOS.littoral2,2016-07-13T17:00Z,2016-07-13T17:00Z,CRAM.20160713.SCHINDLER.1,,Holopedium gibberum,"",,,,,EcoAnalysts Inc.,legacyData,20231227T011210Z,RELEASE-2024
1aabf5bf-684f-4083-9419-520cb53acb01,D05,CRAM,CRAM.AOS.littoral1,2016-07-13T17:00Z,2016-07-13T17:00Z,CRAM.20160713.SCHINDLER.2,,Ostracoda sp.,"",,,,,EcoAnalysts Inc.,legacyData,20231227T011210Z,RELEASE-2024
a58ba631-278a-4f04-ad3e-d24e44404d66,D05,CRAM,CRAM.AOS.littoral2,2016-07-13T17:00Z,2016-07-13T17:00Z,CRAM.20160713.SCHINDLER.1,,Copepoda sp.,nauplii,,,,,EcoAnalysts Inc.,legacyData,20231227T011210Z,RELEASE-2024
81a9cc85-4ec8-400a-bdca-98f39a666d56,D05,CRAM,CRAM.AOS.littoral2,2016-07-13T17:00Z,2016-07-13T17:00Z,CRAM.20160713.SCHINDLER.1,,Eubosmina tubicen,"",,,,,EcoAnalysts Inc.,legacyData,20231227T011210Z,RELEASE-2024
356fe376-3908-4221-ab3a-8ec96ea9dfde,D05,CRAM,CRAM.AOS.littoral1,2016-07-13T17:00Z,2016-07-13T17:00Z,CRAM.20160713.SCHINDLER.2,,Synchaeta sp.,"",,,,,EcoAnalysts Inc.,legacyData,20231227T011210Z,RELEASE-2024
de31f333-a533-484e-b73a-1a6ffa090cd9,D05,CRAM,CRAM.AOS.littoral2,2016-07-13T17:00Z,2016-07-13T17:00Z,CRAM.20160713.SCHINDLER.1,,Keratella taurocephala,"",,,,,EcoAnalysts Inc.,legacyData,20231227T011210Z,RELEASE-2024
f91cee87-d6d6-4656-af1e-71c8122b1538,D05,CRAM,CRAM.AOS.littoral2,2016-07-13T17:00Z,2016-07-13T17:00Z,CRAM.20160713.SCHINDLER.1,,Tropocyclops prasinus mexicanus,"",,,,,EcoAnalysts Inc.,legacyData,20231227T011210Z,RELEASE-2024
c3642c3b-3d67-4235-917b-59e48d9caaeb,D05,CRAM,CRAM.AOS.littoral2,2016-07-13T17:00Z,2016-07-13T17:00Z,CRAM.20160713.SCHINDLER.1,,Polyphemus pediculus,"",,,,,EcoAnalysts Inc.,legacyData,20231227T011210Z,RELEASE-2024
0cafa82e-9ec4-4ce6-9f7f-03bd3718293c,D05,CRAM,CRAM.AOS.buoy.c0,2016-07-13T17:00Z,2016-07-13T17:00Z,CRAM.20160713.TOWNET.3,,Filinia longiseta,"",,,,,EcoAnalysts Inc.,legacyData,20231227T011210Z,RELEASE-2024
4014e3bd-1a58-473d-8095-0113822b7ca4,D05,CRAM,CRAM.AOS.littoral2,2016-07-13T17:00Z,2016-07-13T17:00Z,CRAM.20160713.SCHINDLER.1,,Acroperus harpae,"",,,,,EcoAnalysts Inc.,legacyData,20231227T011210Z,RELEASE-2024
2708cbba-5543-4d06-8b6d-0831bfb55f09,D05,CRAM,CRAM.AOS.littoral2,2016-07-13T17:00Z,2016-07-13T17:00Z,CRAM.20160713.SCHINDLER.1,,Trichocerca sp.,"",,,,,EcoAnalysts Inc.,legacyData,20231227T011210Z,RELEASE-2024
0e0ef6ac-8114-440b-bf08-a7325d57862c,D05,CRAM,CRAM.AOS.buoy.c0,2016-07-13T17:00Z,2016-07-13T17:00Z,CRAM.20160713.TOWNET.3,,Asplanchna brightwellii,"",,,,,EcoAnalysts Inc.,legacyData,20231227T011210Z,RELEASE-2024
5235fe49-73b8-47b7-ae5b-09b84c66b019,D05,CRAM,CRAM.AOS.littoral1,2016-07-13T17:00Z,2016-07-13T17:00Z,CRAM.20160713.SCHINDLER.2,,Monostyla lunaris,"",,,,,EcoAnalysts Inc.,legacyData,20231227T011210Z,RELEASE-2024
15dad7c4-4fad-4bf4-b77e-3725b85991e5,D05,CRAM,CRAM.AOS.littoral2,2016-07-13T17:00Z,2016-07-13T17:00Z,CRAM.20160713.SCHINDLER.1,,Euchlanis sp.,"",,,,,EcoAnalysts Inc.,legacyData,20231227T011210Z,RELEASE-2024
9a4dd24d-973e-4829-ad1c-926d3ecee28b,D05,CRAM,CRAM.AOS.littoral2,2016-07-13T17:00Z,2016-07-13T17:00Z,CRAM.20160713.SCHINDLER.1,,Macrothricidae sp.,"",,,,,EcoAnalysts Inc.,legacyData,20231227T011210Z,RELEASE-2024
6fea3c3e-ee4b-435c-bf1c-ee44d8a12d40,D05,CRAM,CRAM.AOS.littoral2,2016-07-13T17:00Z,2016-07-13T17:00Z,CRAM.20160713.SCHINDLER.1,,Asplanchna herrickii,"",,,,,EcoAnalysts Inc.,legacyData,20231227T011210Z,RELEASE-2024
366b9398-ecfe-4bbe-b361-58c1c7f7aff6,D05,CRAM,CRAM.AOS.littoral2,2016-09-19T17:00Z,2016-09-19T17:00Z,CRAM.20160919.SCHINDLER.1,,Keratella crassa,"",,,,,EcoAnalysts Inc.,legacyData,20231227T013301Z,RELEASE-2024
6c82756a-76b0-46a6-8a62-4c03873eb5c4,D05,CRAM,CRAM.AOS.littoral2,2016-09-19T17:00Z,2016-09-19T17:00Z,CRAM.20160919.SCHINDLER.1,,Leptodiaptomus minutus,"",,,,,EcoAnalysts Inc.,legacyData,20231227T013301Z,RELEASE-2024
a72526ef-73cf-4639-9552-176c32e6aa0e,D05,CRAM,CRAM.AOS.buoy.c0,2016-09-19T17:00Z,2016-09-19T17:00Z,CRAM.20160919.TOWNET.1,,Diaphanosoma sp.,"",,,,,EcoAnalysts Inc.,legacyData,20231227T013301Z,RELEASE-2024
3624ad60-0f79-40fd-b11b-89e6f5106823,D05,CRAM,CRAM.AOS.littoral2,2016-09-19T17:00Z,2016-09-19T17:00Z,CRAM.20160919.SCHINDLER.1,,Conochilus unicornis,"",,,,,EcoAnalysts Inc.,legacyData,20231227T013301Z,RELEASE-2024
39a94806-1e80-4fed-b91d-5bde1659e6c8,D05,CRAM,CRAM.AOS.littoral2,2016-09-19T17:00Z,2016-09-19T17:00Z,CRAM.20160919.SCHINDLER.1,,Cyclopoida sp.,copepodites,,,,,EcoAnalysts Inc.,legacyData,20231227T013301Z,RELEASE-2024
683c9adc-69ab-4dc6-99a2-7e944357779f,D05,CRAM,CRAM.AOS.littoral2,2016-09-19T17:00Z,2016-09-19T17:00Z,CRAM.20160919.SCHINDLER.1,,Chydorus sphaericus,"",,,,,EcoAnalysts Inc.,legacyData,20231227T013301Z,RELEASE-2024
1ce4e014-bdef-49b5-b453-4f477da4e7b5,D05,CRAM,CRAM.AOS.buoy.c0,2016-09-19T17:00Z,2016-09-19T17:00Z,CRAM.20160919.TOWNET.1,,Daphnia sp.,"",,,,,EcoAnalysts Inc.,legacyData,20231227T013301Z,RELEASE-2024
936defb0-148a-4617-992c-4265c873a13c,D05,CRAM,CRAM.AOS.littoral2,2016-09-19T17:00Z,2016-09-19T17:00Z,CRAM.20160919.SCHINDLER.1,,Ascomorpha ecaudis,"",,,,,EcoAnalysts Inc.,legacyData,20231227T013301Z,RELEASE-2024
25848664-5f09-47f6-a02c-c558ee8f2104,D05,CRAM,CRAM.AOS.buoy.c0,2016-09-19T17:00Z,2016-09-19T17:00Z,CRAM.20160919.TOWNET.1,,Kellicottia bostoniensis,"",,,,,EcoAnalysts Inc.,legacyData,20231227T013301Z,RELEASE-2024
09541772-33fc-4238-8d10-5550a7d996a9,D05,CRAM,CRAM.AOS.littoral2,2016-09-19T17:00Z,2016-09-19T17:00Z,CRAM.20160919.SCHINDLER.1,,Chydoridae sp.,"",,,,,EcoAnalysts Inc.,legacyData,20231227T013301Z,RELEASE-2024
8fb55bd2-caef-4a47-bf09-7ddb3ba4bfc6,D05,CRAM,CRAM.AOS.buoy.c0,2016-09-19T17:00Z,2016-09-19T17:00Z,CRAM.20160919.TOWNET.1,,Kellicottia longispina,"",,,,,EcoAnalysts Inc.,legacyData,20231227T013301Z,RELEASE-2024
ab6f0486-1da3-4390-a2ae-cd29785c2cb0,D05,CRAM,CRAM.AOS.buoy.c0,2016-09-19T17:00Z,2016-09-19T17:00Z,CRAM.20160919.TOWNET.1,,Chaoborus sp.,"",,,,,EcoAnalysts Inc.,legacyData,20231227T013301Z,RELEASE-2024
f0be7328-62c9-4d30-9245-346f7b4d1aeb,D05,CRAM,CRAM.AOS.littoral2,2016-09-19T17:00Z,2016-09-19T17:00Z,CRAM.20160919.SCHINDLER.1,,Calanoida sp.,copepodites,,,,,EcoAnalysts Inc.,legacyData,20231227T013301Z,RELEASE-2024
e9317616-819e-4f23-98d2-6f8013834ff0,D05,CRAM,CRAM.AOS.buoy.c1,2021-09-27T16:03Z,2021-09-27T16:03Z,CRAM.20210927.TOWNET.1,A00000208333,Leptodiaptomus minutus,,1,LEPTODIAOPTOMUS_MINUTUS_400X_MALE_P5_BA22NEOZ03004,,photo,"Rhithron Associates, Inc.",,20231228T015250Z,RELEASE-2024
8059fe20-f4d2-4ec2-bd7c-a0e713217207,D05,CRAM,CRAM.AOS.littoral2,2021-09-27T16:03Z,2021-09-27T16:03Z,CRAM.20210927.SCHINDLER.3,A00000208321,Ploesoma sp.,,1,PLOESOMA_100X_ANTERIORSPINES_BA22NEOZ03005,,photo,"Rhithron Associates, Inc.",,20231228T015250Z,RELEASE-2024
94640f10-1b21-4b78-b66e-34d95f206c21,D05,CRAM,CRAM.AOS.littoral1,2022-05-24T16:47Z,2022-05-24T16:47Z,CRAM.20220524.SCHINDLER.2,A00000141403,Microcyclops sp.,,1,MICROCYCLOPS_100X_BA22NEOZ06001,,photo,"Rhithron Associates, Inc.",,20231229T042315Z,PROVISIONAL
464d74a4-4a2f-47cb-90b2-b4071dbf74e1,D05,CRAM,CRAM.AOS.buoy.c1,2022-05-24T16:47Z,2022-05-24T16:47Z,CRAM.20220524.TOWNET.1,A00000141402,Beauchampia crucigera,,1,BEAUCHAMPIA CRUCIGERA_200X_BA22NEOZ06003,,photo,"Rhithron Associates, Inc.",,20231229T042315Z,PROVISIONAL
0739e874-00dc-4ff6-a36d-c10011c018d2,D05,LIRO,LIRO.AOS.buoy.c1,2021-07-21T16:30Z,2021-07-21T16:30Z,LIRO.20210721.TOWNET.1,A00000206576,Epischura lacustris,,1,,,,EcoAnalysts Inc.,,20231228T001451Z,RELEASE-2024
9a62bd52-9915-4860-8620-a2c76c7071f8,D05,LIRO,LIRO.AOS.buoy.c1,2021-07-21T16:30Z,2021-07-21T16:30Z,LIRO.20210721.TOWNET.1,A00000206576,Orthocyclops modestus,,2,,,,EcoAnalysts Inc.,,20231228T001451Z,RELEASE-2024
b416b4c2-2621-4dbb-84ce-dc0dfa452853,D05,LIRO,LIRO.AOS.littoral2,2021-09-09T16:12Z,2021-09-09T16:12Z,LIRO.20210909.SCHINDLER.3,A00000208194,Keratella taurocephala,,1,KERATELLA_TAUROCEPHALA_100X_BA22NEOZ03002,,photo,"Rhithron Associates, Inc.",,20231228T020730Z,RELEASE-2024
9b337004-9f85-459b-ac1f-b0b6297a2b8f,D05,LIRO,LIRO.AOS.littoral2,2021-09-09T16:12Z,2021-09-09T16:12Z,LIRO.20210909.SCHINDLER.3,A00000208194,Sida crystallina,,1,SIDA_CRYSTALLINA_50X_ANTENNAE_BA22NEOZ03002,,photo,"Rhithron Associates, Inc.",,20231228T020730Z,RELEASE-2024
f1b28da8-f53e-4063-a569-8e28a5475859,D05,LIRO,LIRO.AOS.buoy.c1,2021-09-09T16:12Z,2021-09-09T16:12Z,LIRO.20210909.TOWNET.1,A00000208190,Holopedium gibberum,,1,HOLOPEDIUM_GIBBERUM_50X_BA22NEOZ03001,,photo,"Rhithron Associates, Inc.",,20231228T020730Z,RELEASE-2024
1e93c2a1-3a75-49d9-99a0-3377af417fef,D09,PRLA,PRLA.AOS.littoral2,2014-09-25T17:00Z,2014-09-25T17:00Z,PRLA.20140925.SCHINDLER.1,,Cephalodella gibba,,1,,,,GEI Consultants Inc.,legacyData,20231226T223406Z,RELEASE-2024
98009ff3-7687-46ba-bd57-48b3f173d6a1,D09,PRLA,PRLA.AOS.littoral2,2014-09-25T17:00Z,2014-09-25T17:00Z,PRLA.20140925.SCHINDLER.1,,Mesocyclops edax,,1,,,,GEI Consultants Inc.,legacyData,20231226T223406Z,RELEASE-2024
718ca9aa-9b4e-499c-a84c-43a81c67a3a0,D09,PRLA,PRLA.AOS.littoral2,2014-09-25T17:00Z,2014-09-25T17:00Z,PRLA.20140925.SCHINDLER.1,,Keratella cochlearis,,1,,,,GEI Consultants Inc.,legacyData,20231226T223406Z,RELEASE-2024
6a615d2d-5516-490d-9951-bf9766fc66d9,D09,PRLA,PRLA.AOS.littoral2,2014-09-25T17:00Z,2014-09-25T17:00Z,PRLA.20140925.SCHINDLER.1,,Leptodiaptomus siciloides,,1,,,,GEI Consultants Inc.,legacyData,20231226T223406Z,RELEASE-2024
773f151f-6878-4219-9474-268a506ef8a4,D09,PRLA,PRLA.AOS.buoy.c0,2015-05-12T17:00Z,2015-05-12T17:00Z,PRLA.20150512.TOWNET.2,,Diacyclops thomasi,,,,,,EcoAnalysts Inc.,legacyData,20231227T000809Z,RELEASE-2024
49f5a455-11ad-459a-b9b4-fdd09ddbb106,D09,PRLA,PRLA.AOS.littoral1,2015-05-12T17:00Z,2015-05-12T17:00Z,PRLA.20150512.SCHINDLER.1,,Keratella testudo,,,,,,EcoAnalysts Inc.,legacyData,20231227T000809Z,RELEASE-2024
d294cefa-1d3a-42f3-a8bc-53a34a00ca8f,D09,PRLA,PRLA.AOS.littoral1,2015-05-12T17:00Z,2015-05-12T17:00Z,PRLA.20150512.SCHINDLER.1,,Brachionus sp.,,,,,,EcoAnalysts Inc.,legacyData,20231227T000809Z,RELEASE-2024
f0c96220-8c6b-44af-8ddb-4f2d2dd394db,D09,PRLA,PRLA.AOS.littoral1,2015-05-12T17:00Z,2015-05-12T17:00Z,PRLA.20150512.SCHINDLER.1,,Keratella quadrata,,,,,,EcoAnalysts Inc.,legacyData,20231227T000809Z,RELEASE-2024
04e29999-a6f9-40a9-beac-74423c2744e1,D09,PRLA,PRLA.AOS.littoral1,2015-05-12T17:00Z,2015-05-12T17:00Z,PRLA.20150512.SCHINDLER.1,,Keratella cochlearis,,,,,,EcoAnalysts Inc.,legacyData,20231227T000809Z,RELEASE-2024
7c85c789-a715-465e-888e-f363a60aed08,D09,PRLA,PRLA.AOS.littoral1,2015-05-12T17:00Z,2015-05-12T17:00Z,PRLA.20150512.SCHINDLER.1,,Brachionus angularis,,,,,,EcoAnalysts Inc.,legacyData,20231227T000809Z,RELEASE-2024
0a0e9809-4f22-44f3-abe1-d3eb6c80e72f,D09,PRLA,PRLA.AOS.littoral1,2019-04-24T15:17Z,2019-04-24T15:17Z,PRLA.20190424.SCHINDLER.1,A00000084767,Rotaria sp.,,1,Z2,,,"Rhithron Associates, Inc.",,20231227T180149Z,RELEASE-2024
cd6f50ce-6211-4c79-9b01-f6c0d2af0efe,D09,PRLA,PRLA.AOS.buoy.c0,2019-04-24T15:17Z,2019-04-24T15:17Z,PRLA.20190424.SCHINDLER.3,A00000084768,Cyclopoida sp.,,1,Z6,,,"Rhithron Associates, Inc.",,20231227T180149Z,RELEASE-2024
bd597ad2-a1ba-4cad-943c-9832f20e7263,D09,PRLA,PRLA.AOS.littoral1,2019-04-24T15:17Z,2019-04-24T15:17Z,PRLA.20190424.SCHINDLER.1,A00000084767,Bdelloidea sp.,,1,Z3,,,"Rhithron Associates, Inc.",,20231227T180149Z,RELEASE-2024
02937d4c-14d9-4445-ba87-cd2ef7b67f19,D09,PRLA,PRLA.AOS.littoral1,2019-04-24T15:17Z,2019-04-24T15:17Z,PRLA.20190424.SCHINDLER.1,A00000084767,Daphnia pulex,,1,Z1,,,"Rhithron Associates, Inc.",,20231227T180149Z,RELEASE-2024
2eae16aa-2537-4774-8c0d-180143cb8938,D09,PRLA,PRLA.AOS.littoral2,2019-04-24T15:17Z,2019-04-24T15:17Z,PRLA.20190424.SCHINDLER.2,A00000084783,Mesocyclops edax,,1,Z4,,,"Rhithron Associates, Inc.",,20231227T180149Z,RELEASE-2024
152b3577-9ec0-4674-abb5-06430c3f0ae3,D09,PRLA,PRLA.AOS.littoral2,2019-07-11T14:43Z,2019-07-11T14:43Z,PRLA.20190711.SCHINDLER.2,A00000084779,Leptodiaptomus siciloides,,1,Z20,,,"Rhithron Associates, Inc.",,20231227T175908Z,RELEASE-2024
dfb5274d-6ce7-4808-99b6-24e07a000139,D09,PRLA,PRLA.AOS.littoral2,2019-07-11T14:43Z,2019-07-11T14:43Z,PRLA.20190711.SCHINDLER.2,A00000084779,Daphnia ambigua,,1,Z18,,,"Rhithron Associates, Inc.",,20231227T175908Z,RELEASE-2024
078f2d75-a5cf-4e12-94ae-ba00a9776d51,D09,PRLA,PRLA.AOS.littoral2,2019-07-11T14:43Z,2019-07-11T14:43Z,PRLA.20190711.SCHINDLER.2,A00000084779,Acanthocyclops vernalis,,1,Z17,,,"Rhithron Associates, Inc.",,20231227T175908Z,RELEASE-2024
26c8c189-e32f-471a-a0a8-7d5dd05922ee,D09,PRLA,PRLA.AOS.littoral1,2019-09-10T13:24Z,2019-09-10T13:24Z,PRLA.20190910.SCHINDLER.1,A00000084778,Daphnia pulex,,1,Z37,,,"Rhithron Associates, Inc.",,20231227T180759Z,RELEASE-2024
2b14f555-4bbb-4461-acd6-0439a553ddd1,D09,PRLA,PRLA.AOS.buoy.c0,2019-09-10T13:24Z,2019-09-10T13:24Z,PRLA.20190910.SCHINDLER.3,A00000084772,Diacyclops thomasi,,1,Z36,,,"Rhithron Associates, Inc.",,20231227T180759Z,RELEASE-2024
bee1ff54-0b9f-485d-98a7-34bf1d932f8d,D09,PRLA,PRLA.AOS.littoral1,2019-09-10T13:24Z,2019-09-10T13:24Z,PRLA.20190910.SCHINDLER.1,A00000084778,Bosmina longirostris,,1,Z38,,,"Rhithron Associates, Inc.",,20231227T180759Z,RELEASE-2024
793d15b8-70e9-4cdb-9a28-c0ff64d5aa9a,D09,PRLA,PRLA.AOS.littoral2,2020-06-15T16:21Z,2020-06-15T16:21Z,PRLA.20200615.SCHINDLER.2,A00000050134,Alona sp.,,1,Z39,,,"Rhithron Associates, Inc.",,20231227T214624Z,RELEASE-2024
5de18c50-b37f-41fd-a7d0-366579d0f8c9,D09,PRLA,PRLA.AOS.littoral2,2020-06-15T16:21Z,2020-06-15T16:21Z,PRLA.20200615.SCHINDLER.2,A00000050134,Brachionus sp.,,1,"",,,"Rhithron Associates, Inc.",,20231227T214624Z,RELEASE-2024
ab40edbe-8f0a-4ced-a70e-0889ddfdac23,D09,PRLA,PRLA.AOS.littoral2,2020-06-15T16:21Z,2020-06-15T16:21Z,PRLA.20200615.SCHINDLER.2,A00000050134,Chydorus sphaericus,,1,Z40,,,"Rhithron Associates, Inc.",,20231227T214624Z,RELEASE-2024
89dfe2e6-a6ec-4b17-acd6-c841c2ca4e1a,D09,PRLA,PRLA.AOS.littoral2,2020-06-15T16:21Z,2020-06-15T16:21Z,PRLA.20200615.SCHINDLER.2,A00000050134,Asplanchna sp.,,1,"",,,"Rhithron Associates, Inc.",,20231227T214624Z,RELEASE-2024
d142642d-fa54-4aec-8872-754379fc60b3,D09,PRLA,PRLA.AOS.littoral2,2020-07-07T14:07Z,2020-07-07T14:07Z,PRLA.20200707.SCHINDLER.2,A00000088085,Euchlanis sp.,,1,Z51,,slide,"Rhithron Associates, Inc.",,20231227T215230Z,RELEASE-2024
02b55dc6-b720-4345-8dfd-eea6dc4d14c4,D09,PRLA,PRLA.AOS.buoy.c0,2020-07-07T14:07Z,2020-07-07T14:07Z,PRLA.20200707.SCHINDLER.3,A00000084753,Brachionus havanaensis,,1,Z45,,slide,"Rhithron Associates, Inc.",,20231227T215230Z,RELEASE-2024
74e2a91c-f0a8-458c-9668-8cc1f0efc097,D09,PRLA,PRLA.AOS.littoral2,2020-07-07T14:07Z,2020-07-07T14:07Z,PRLA.20200707.SCHINDLER.2,A00000088085,Lecane sp.,,1,LECANE_400X_BA20NEOZ02005,,"","Rhithron Associates, Inc.",,20231227T215230Z,RELEASE-2024
7f57d924-d9d3-4d7c-aa40-23b889c3c6bb,D09,PRLA,PRLA.AOS.buoy.c0,2020-07-07T14:07Z,2020-07-07T14:07Z,PRLA.20200707.SCHINDLER.3,A00000084753,Aglaodiaptomus leptopus,,1,Z47,,slide,"Rhithron Associates, Inc.",,20231227T215230Z,RELEASE-2024
6e6d5cb4-623d-4f49-8985-ba09d14876c5,D09,PRLA,PRLA.AOS.buoy.c0,2020-07-07T14:07Z,2020-07-07T14:07Z,PRLA.20200707.SCHINDLER.3,A00000084753,Brachionus angularis,,1,Z44,,slide,"Rhithron Associates, Inc.",,20231227T215230Z,RELEASE-2024
e73ec5eb-cdc9-47ce-8e07-c5a25caf853a,D09,PRLA,PRLA.AOS.buoy.c0,2020-07-07T14:07Z,2020-07-07T14:07Z,PRLA.20200707.SCHINDLER.3,A00000084753,Filinia terminalis,,1,Z43,,slide,"Rhithron Associates, Inc.",,20231227T215230Z,RELEASE-2024
01983397-9048-444a-95f9-83ea0617ef5b,D09,PRLA,PRLA.AOS.buoy.c0,2020-07-07T14:07Z,2020-07-07T14:07Z,PRLA.20200707.SCHINDLER.3,A00000084753,Gastropus hyptopus,,1,Z46,,slide,"Rhithron Associates, Inc.",,20231227T215230Z,RELEASE-2024
dbeaefb3-eb5f-4dad-87d5-bac89fb8c9a7,D09,PRLA,PRLA.AOS.littoral1,2020-07-07T14:07Z,2020-07-07T14:07Z,PRLA.20200707.SCHINDLER.1,A00000084756,Diaphanosoma birgei,,1,Z48,,slide,"Rhithron Associates, Inc.",,20231227T215230Z,RELEASE-2024
aa7dc00b-e761-4093-a85f-3b94c81ab63c,D09,PRLA,PRLA.AOS.buoy.c0,2021-04-20T13:56Z,2021-04-20T13:56Z,PRLA.20210420.SCHINDLER.3,A00000240983,Pompholyx sp.,,1,POMPHOLYX_400X_BA19NEOZ01005,,photo,"Rhithron Associates, Inc.",,20231228T013442Z,RELEASE-2024
2b739d98-ca23-4d20-b83c-096e867fa197,D09,PRLA,PRLA.AOS.littoral2,2021-07-13T13:56Z,2021-07-13T13:56Z,PRLA.20210713.SCHINDLER.2,A00000240206,Anuraeopsis sp.,,1,ANURAEOPSIS_400X_BA21NEOZ02005,,photo,"Rhithron Associates, Inc.",,20231228T011117Z,RELEASE-2024
3c6097ea-0faf-4683-a6e2-3c7dcb89f76d,D09,PRPO,PRPO.AOS.littoral1,2014-09-23T17:00Z,2014-09-23T17:00Z,PRPO.20140923.SCHINDLER.1,,Polyarthra sp.,,1,,,,GEI Consultants Inc.,legacyData,20231226T224007Z,RELEASE-2024
0fbbaf03-7a39-4848-96fc-ae401f0a06b4,D09,PRPO,PRPO.AOS.littoral2,2014-09-23T17:00Z,2014-09-23T17:00Z,PRPO.20140923.SCHINDLER.2,,Lecane luna,,1,,,,GEI Consultants Inc.,legacyData,20231226T224007Z,RELEASE-2024
a53ff181-92dc-4da2-9bfb-90be0bc8d735,D09,PRPO,PRPO.AOS.buoy.c0,2014-09-23T17:00Z,2014-09-23T17:00Z,PRPO.20140923.TOW.3,,Pompholyx sp.,,1,,,,GEI Consultants Inc.,legacyData,20231226T224007Z,RELEASE-2024
c584aa1f-30b1-4057-bc7c-01f21e2dc6f3,D09,PRPO,PRPO.AOS.littoral2,2014-09-23T17:00Z,2014-09-23T17:00Z,PRPO.20140923.SCHINDLER.2,,Ceriodaphnia dubia,,1,,,,GEI Consultants Inc.,legacyData,20231226T224007Z,RELEASE-2024
5d4359f2-b843-49b2-8329-6b0b40c10e07,D09,PRPO,PRPO.AOS.littoral1,2014-09-23T17:00Z,2014-09-23T17:00Z,PRPO.20140923.SCHINDLER.1,,Daphnia ambigua,,1,,,,GEI Consultants Inc.,legacyData,20231226T224007Z,RELEASE-2024
4ee32e17-22ca-474b-855f-c012b48a5a08,D09,PRPO,PRPO.AOS.littoral1,2016-09-12T17:00Z,2016-09-12T17:00Z,PRPO.20160912.SCHINDLER.1,,Acanthocyclops robustus,,,,,,EcoAnalysts Inc.,legacyData,20231227T021237Z,RELEASE-2024
4831fd6d-7c83-4841-b311-62a7d9672db6,D09,PRPO,PRPO.AOS.littoral2,2019-04-30T15:47Z,2019-04-30T15:47Z,PRPO.20190430.SCHINDLER.2,A00000084760,Pompholyx sulcata,,1,Z7,,,"Rhithron Associates, Inc.",,20231227T180157Z,RELEASE-2024
b564db1a-25d2-4acf-b5de-e096a8c4ddfd,D09,PRPO,PRPO.AOS.buoy.c0,2019-04-30T15:47Z,2019-04-30T15:47Z,PRPO.20190430.SCHINDLER.3,A00000084784,Synchaeta sp.,,1,Z16,,,"Rhithron Associates, Inc.",,20231227T180157Z,RELEASE-2024
c3afc820-49bd-4341-aabb-c0973a677cbb,D09,PRPO,PRPO.AOS.littoral1,2019-04-30T15:47Z,2019-04-30T15:47Z,PRPO.20190430.SCHINDLER.1,A00000084759,Notholca squamula,,1,Z8,,,"Rhithron Associates, Inc.",,20231227T180157Z,RELEASE-2024
f65e840c-aec3-4470-be03-9beb71a81630,D09,PRPO,PRPO.AOS.buoy.c0,2019-04-30T15:47Z,2019-04-30T15:47Z,PRPO.20190430.SCHINDLER.3,A00000084784,Copepoda sp.,,1,Z14,,,"Rhithron Associates, Inc.",,20231227T180157Z,RELEASE-2024
939adc06-393b-4e48-8c59-7a54addf1685,D09,PRPO,PRPO.AOS.buoy.c0,2019-04-30T15:47Z,2019-04-30T15:47Z,PRPO.20190430.SCHINDLER.3,A00000084784,Acanthocyclops sp.,,1,Z12,,,"Rhithron Associates, Inc.",,20231227T180157Z,RELEASE-2024
0fcbe287-9d39-49a8-afb3-2ddf02d91d94,D09,PRPO,PRPO.AOS.littoral1,2019-04-30T15:47Z,2019-04-30T15:47Z,PRPO.20190430.SCHINDLER.1,A00000084759,Notommata sp.,,1,Z10,,,"Rhithron Associates, Inc.",,20231227T180157Z,RELEASE-2024
04f3c199-401c-4727-b599-7d9a2daf4f61,D09,PRPO,PRPO.AOS.littoral1,2019-04-30T15:47Z,2019-04-30T15:47Z,PRPO.20190430.SCHINDLER.1,A00000084759,Keratella testudo,,1,Z9,,,"Rhithron Associates, Inc.",,20231227T180157Z,RELEASE-2024
85039747-528d-46eb-b652-3d210e385d9f,D09,PRPO,PRPO.AOS.buoy.c0,2019-04-30T15:47Z,2019-04-30T15:47Z,PRPO.20190430.SCHINDLER.3,A00000084784,Keratella quadrata,,1,Z15,,,"Rhithron Associates, Inc.",,20231227T180157Z,RELEASE-2024
a019f33b-f33e-48db-bda5-4e316889b329,D09,PRPO,PRPO.AOS.buoy.c0,2019-04-30T15:47Z,2019-04-30T15:47Z,PRPO.20190430.SCHINDLER.3,A00000084784,Keratella tecta,,1,Z13,,,"Rhithron Associates, Inc.",,20231227T180157Z,RELEASE-2024
cc0c0936-0991-4c61-944e-23bd11ef93d9,D09,PRPO,PRPO.AOS.littoral1,2019-07-15T14:36Z,2019-07-15T14:36Z,PRPO.20190715.SCHINDLER.1,A00000084752,Ceriodaphnia dubia,,1,Z21,,,"Rhithron Associates, Inc.",,20231227T194050Z,RELEASE-2024
2cb5ace3-a4ec-4475-ade3-039ea33166e2,D09,PRPO,PRPO.AOS.littoral1,2019-07-15T14:36Z,2019-07-15T14:36Z,PRPO.20190715.SCHINDLER.1,A00000084752,Eucyclops elegans,,1,Z22,,,"Rhithron Associates, Inc.",,20231227T194050Z,RELEASE-2024
23776709-183b-410c-8d6a-6a70774588d2,D09,PRPO,PRPO.AOS.littoral1,2019-07-15T14:36Z,2019-07-15T14:36Z,PRPO.20190715.SCHINDLER.1,A00000084752,Cephalodella sp.,,1,Z19,,,"Rhithron Associates, Inc.",,20231227T194050Z,RELEASE-2024
37eb3d11-305a-482f-92c0-9dd4cacb89b6,D09,PRPO,PRPO.AOS.littoral1,2020-06-22T14:25Z,2020-06-22T14:25Z,PRPO.20200622.SCHINDLER.1,A00000138212,Leptodiaptomus sicilis,,1,Z42,,,"Rhithron Associates, Inc.",,20231227T224912Z,RELEASE-2024
9dab6634-040f-4b9a-875b-e3220dffdb7f,D09,PRPO,PRPO.AOS.buoy.c0,2020-07-13T14:06Z,2020-07-13T14:06Z,PRPO.20200713.SCHINDLER.3,A00000088180,Filinia longiseta,,1,Z49,,slide,"Rhithron Associates, Inc.",,20231227T214230Z,RELEASE-2024
462040bb-fca5-4df3-a8f8-79adc40fe1c2,D09,PRPO,PRPO.AOS.buoy.c0,2020-07-13T14:06Z,2020-07-13T14:06Z,PRPO.20200713.SCHINDLER.3,A00000088180,Hexarthra sp.,,1,Z50,,slide,"Rhithron Associates, Inc.",,20231227T214230Z,RELEASE-2024
8c1224d3-c0e5-4cec-8076-1e18bc42e682,D09,PRPO,PRPO.AOS.buoy.c0,2020-09-22T13:58Z,2020-09-22T13:58Z,PRPO.20200922.SCHINDLER.3,A00000238006,Asplanchna brightwellii,,1,ASPLANCHNA_BRIGHTWELLI_100X_BA20NEOZ05001,,photo,"Rhithron Associates, Inc.",,20231227T215133Z,RELEASE-2024
e47ba467-17e6-423f-b089-d833414250d3,D09,PRPO,PRPO.AOS.littoral1,2021-07-15T13:55Z,2021-07-15T13:55Z,PRPO.20210715.SCHINDLER.1,A00000240215,Brachionus rubens,,1,BRACHIONUS_RUBENS_400X_BA21NEOZ02003,,photo,"Rhithron Associates, Inc.",,20231228T014728Z,RELEASE-2024
0bb4ac22-ba37-4927-bdee-807e92628d0b,D18,TOOK,TOOK.AOS.buoy.c0,2016-08-10T20:00Z,2016-08-10T20:00Z,TOOK.20160810.TOW.1,,Copepoda sp.,nauplii,,,,,EcoAnalysts Inc.,legacyData,20231227T011324Z,RELEASE-2024
83cedb88-8d63-4d54-b6f0-d9837109e463,D18,TOOK,TOOK.AOS.buoy.c0,2016-08-10T20:00Z,2016-08-10T20:00Z,TOOK.20160810.TOW.1,,Daphnia longiremis,"",,,,,EcoAnalysts Inc.,legacyData,20231227T011324Z,RELEASE-2024
00341671-1e14-469a-88fb-e56ee0af4b21,D18,TOOK,TOOK.AOS.buoy.c0,2016-08-10T20:00Z,2016-08-10T20:00Z,TOOK.20160810.TOW.1,,Eubosmina longispina,"",,,,,EcoAnalysts Inc.,legacyData,20231227T011324Z,RELEASE-2024
adc0cd7a-9686-421d-8116-09b06c9736b9,D18,TOOK,TOOK.AOS.buoy.c0,2016-08-10T20:00Z,2016-08-10T20:00Z,TOOK.20160810.TOW.1,,Leptodiaptomus pribilofensis,"",,,,,EcoAnalysts Inc.,legacyData,20231227T011324Z,RELEASE-2024
147e7bfc-e0da-4ac2-901a-d3af1b328b9e,D18,TOOK,TOOK.AOS.littoral3,2016-08-10T20:00Z,2016-08-10T20:00Z,TOOK.20160810.SCHINDLER.3,,Rotifera sp.,"",,,,,EcoAnalysts Inc.,legacyData,20231227T011324Z,RELEASE-2024
adad2d0b-8014-427c-91fd-38ce6d7e65c2,D18,TOOK,TOOK.AOS.littoral3,2016-08-10T20:00Z,2016-08-10T20:00Z,TOOK.20160810.SCHINDLER.3,,Testudinella sp.,"",,,,,EcoAnalysts Inc.,legacyData,20231227T011324Z,RELEASE-2024
095e381c-7fb7-4d52-b3dd-d30067424a9f,D18,TOOK,TOOK.AOS.buoy.c0,2016-08-10T20:00Z,2016-08-10T20:00Z,TOOK.20160810.TOW.1,,Cyclops strenuus,"",,,,,EcoAnalysts Inc.,legacyData,20231227T011324Z,RELEASE-2024
3458ca0b-9b5d-47ec-9448-42666bb229ef,D18,TOOK,TOOK.AOS.buoy.c0,2016-08-10T20:00Z,2016-08-10T20:00Z,TOOK.20160810.TOW.1,,Cyclopoida sp.,copepodites,,,,,EcoAnalysts Inc.,legacyData,20231227T011324Z,RELEASE-2024
fcdabad7-a86c-46b0-97f6-da84dd712a31,D18,TOOK,TOOK.AOS.buoy.c0,2016-08-10T20:00Z,2016-08-10T20:00Z,TOOK.20160810.TOW.1,,Collotheca sp.,"",,,,,EcoAnalysts Inc.,legacyData,20231227T011324Z,RELEASE-2024
3f079787-772f-4dea-97b5-000766773230,D18,TOOK,TOOK.AOS.buoy.c0,2016-08-10T20:00Z,2016-08-10T20:00Z,TOOK.20160810.TOW.1,,Keratella cochlearis,"",,,,,EcoAnalysts Inc.,legacyData,20231227T011324Z,RELEASE-2024
613c8e6d-924d-4e4a-b0dd-19989f76b66f,D18,TOOK,TOOK.AOS.buoy.c0,2016-08-10T20:00Z,2016-08-10T20:00Z,TOOK.20160810.TOW.1,,Conochilus unicornis,"",,,,,EcoAnalysts Inc.,legacyData,20231227T011324Z,RELEASE-2024
db780af9-5ccd-4195-9fc9-3f7534e69b12,D18,TOOK,TOOK.AOS.buoy.c0,2016-08-10T20:00Z,2016-08-10T20:00Z,TOOK.20160810.TOW.1,,Kellicottia longispina,"",,,,,EcoAnalysts Inc.,legacyData,20231227T011324Z,RELEASE-2024
e4a53d26-356f-47eb-b1d9-6a529858919c,D18,TOOK,TOOK.AOS.buoy.c0,2016-08-10T20:00Z,2016-08-10T20:00Z,TOOK.20160810.TOW.1,,Polyarthra sp.,"",,,,,EcoAnalysts Inc.,legacyData,20231227T011324Z,RELEASE-2024
4d819f56-763d-45ba-a2bf-3e3e4204da19,D18,TOOK,TOOK.AOS.buoy.c0,2016-08-10T20:00Z,2016-08-10T20:00Z,TOOK.20160810.TOW.1,,Heterocope septentrionalis,"",,,,,EcoAnalysts Inc.,legacyData,20231227T011324Z,RELEASE-2024
14a0d5b9-691f-44a1-8a0a-ac7d03085b57,D18,TOOK,TOOK.AOS.buoy.c1,2019-06-21T00:52Z,2019-06-21T00:52Z,TOOK.20190620.TOWNET.1,A00000099062,Bosmina coregoni,,1,Z25,,,"Rhithron Associates, Inc.",,20231227T184454Z,RELEASE-2024
1c2b627d-d2bd-4b9a-bf3d-39cc622f7281,D18,TOOK,TOOK.AOS.buoy.c1,2019-06-21T00:52Z,2019-06-21T00:52Z,TOOK.20190620.TOWNET.1,A00000099062,Keratella cochlearis,,1,Z28,,,"Rhithron Associates, Inc.",,20231227T184454Z,RELEASE-2024
9fcbd42e-882a-49cf-9eeb-f40f7564a5a1,D18,TOOK,TOOK.AOS.littoral2,2019-06-21T00:52Z,2019-06-21T00:52Z,TOOK.20190620.SCHINDLER.3,A00000099063,Daphnia longiremis,,1,Z31,,,"Rhithron Associates, Inc.",,20231227T184454Z,RELEASE-2024
3498b642-33ac-4a3f-95cc-c8ed815b3e1f,D18,TOOK,TOOK.AOS.buoy.c1,2019-06-21T00:52Z,2019-06-21T00:52Z,TOOK.20190620.TOWNET.1,A00000099062,Kellicottia longispina,,1,Z30,,,"Rhithron Associates, Inc.",,20231227T184454Z,RELEASE-2024
cc1001ee-8c81-4a25-9a3d-d2ed77742065,D18,TOOK,TOOK.AOS.littoral3,2019-06-21T00:52Z,2019-06-21T00:52Z,TOOK.20190620.SCHINDLER.2,A00000099064,Lepadella sp.,,1,Z35,,,"Rhithron Associates, Inc.",,20231227T184454Z,RELEASE-2024
d0803659-c49f-40bd-acd5-90d022e9f7ef,D18,TOOK,TOOK.AOS.buoy.c1,2019-06-21T00:52Z,2019-06-21T00:52Z,TOOK.20190620.TOWNET.1,A00000099062,Conochilus unicornis,,1,Z24,,,"Rhithron Associates, Inc.",,20231227T184454Z,RELEASE-2024
5f1f4d05-1cda-4766-8d3a-6d9e9e470506,D18,TOOK,TOOK.AOS.buoy.c1,2019-06-21T00:52Z,2019-06-21T00:52Z,TOOK.20190620.TOWNET.1,A00000099062,Cyclops columbianus,,1,Z27,,,"Rhithron Associates, Inc.",,20231227T184454Z,RELEASE-2024
89f88678-8ff0-4b8a-9360-2544f5a03b80,D18,TOOK,TOOK.AOS.buoy.c1,2019-06-21T00:52Z,2019-06-21T00:52Z,TOOK.20190620.TOWNET.1,A00000099062,Polyarthra sp.,,1,Z26,,,"Rhithron Associates, Inc.",,20231227T184454Z,RELEASE-2024
90a3555c-799d-40ea-a742-09efd2e03ae9,D18,TOOK,TOOK.AOS.buoy.c1,2019-06-21T00:52Z,2019-06-21T00:52Z,TOOK.20190620.TOWNET.1,A00000099062,Conochiloides sp.,,1,Z23,,,"Rhithron Associates, Inc.",,20231227T184454Z,RELEASE-2024
6c66ebb9-9db6-4c46-8ed2-6d1b9704d737,D18,TOOK,TOOK.AOS.littoral2,2019-06-21T00:52Z,2019-06-21T00:52Z,TOOK.20190620.SCHINDLER.3,A00000099063,Trichocerca porcellus,,1,Z32,,,"Rhithron Associates, Inc.",,20231227T184454Z,RELEASE-2024
642f8f93-6ea1-4a11-8688-baf95ca018e0,D18,TOOK,TOOK.AOS.buoy.c1,2019-06-21T00:52Z,2019-06-21T00:52Z,TOOK.20190620.TOWNET.1,A00000099062,Keratella hiemalis,,1,Z29,,,"Rhithron Associates, Inc.",,20231227T184454Z,RELEASE-2024
b62a091f-b458-4885-8ca4-3f431032c918,D18,TOOK,TOOK.AOS.littoral3,2019-07-31T17:45Z,2019-07-31T17:45Z,TOOK.20190731.SCHINDLER.2,A00000099593,Leptodiaptomus pribilofensis,,1,Z34,,,"Rhithron Associates, Inc.",,20231227T165234Z,RELEASE-2024
50fe55cd-3031-4e68-86ae-4090450473eb,D18,TOOK,TOOK.AOS.littoral3,2019-07-31T17:45Z,2019-07-31T17:45Z,TOOK.20190731.SCHINDLER.2,A00000099593,Heterocope septentrionalis,,1,Z33,,,"Rhithron Associates, Inc.",,20231227T165234Z,RELEASE-2024
50b7a67f-add7-4af9-9d7e-81a348d7a3df,D18,TOOK,TOOK.AOS.littoral3,2021-09-07T18:34Z,2021-09-07T18:34Z,TOOK.20210907.SCHINDLER.2,A00000305861,Monostyla sp.,,1,Z52,,slide,"Rhithron Associates, Inc.",,20231227T232816Z,RELEASE-2024
